[2026-08-16 15:53:55] local.ERROR: SQLSTATE[42S02]: Base table or view not found: 1146 Table 'commandeci.personal_access_tokens' doesn't exist (Connection: mysql, Host: 127.0.0.1, Port: 3306, Database: commandeci, SQL: insert into `personal_access_tokens` (`name`, `token`, `abilities`, `expires_at`, `tokenable_id`, `tokenable_type`, `updated_at`, `created_at`) values (commandeci-mobile, c845f9fbc2ec4a7f13bba5e9dd63892c76280eabe7da3cccf814d7e4c915e0ed, ["*"], ?, 4, App\Models\User, 2026-08-16 15:53:54, 2026-08-16 15:53:54)) {"exception":"[object] (Illuminate\\Database\\QueryException(code: 42S02): SQLSTATE[42S02]: Base table or view not found: 1146 Table 'commandeci.personal_access_tokens' doesn't exist (Connection: mysql, Host: 127.0.0.1, Port: 3306, Database: commandeci, SQL: insert into `personal_access_tokens` (`name`, `token`, `abilities`, `expires_at`, `tokenable_id`, `tokenable_type`, `updated_at`, `created_at`) values (commandeci-mobile, c845f9fbc2ec4a7f13bba5e9dd63892c76280eabe7da3cccf814d7e4c915e0ed, [\"*\"], ?, 4, App\\Models\\User, 2026-08-16 15:53:54, 2026-08-16 15:53:54)) at C:/xampp57/htdocs/CommandeCI/backend/vendor/laravel/framework/src/Illuminate/Database/Connection.php:838)
[stacktrace]
#0 C:/xampp57/htdocs/CommandeCI/backend/vendor/laravel/framework/src/Illuminate/Database/Connection.php(794): Illuminate/Database/Connection->runQueryCallback('insert into `pe...', Array, Object(Closure))
#1 C:/xampp57/htdocs/CommandeCI/backend/vendor/laravel/framework/src/Illuminate/Database/MySqlConnection.php(42): Illuminate/Database/Connection->run('insert into `pe...', Array, Object(Closure))
#2 C:/xampp57/htdocs/CommandeCI/backend/vendor/laravel/framework/src/Illuminate/Database/Query/Processors/MySqlProcessor.php(35): Illuminate/Database/MySqlConnection->insert('insert into `pe...', Array, 'id')
#3 C:/xampp57/htdocs/CommandeCI/backend/vendor/laravel/framework/src/Illuminate/Database/Query/Builder.php(4170): Illuminate/Database/Query/Processors/MySqlProcessor->processInsertGetId(Object(Illuminate/Database/Query/Builder), 'insert into `pe...', Array, 'id')
#4 C:/xampp57/htdocs/CommandeCI/backend/vendor/laravel/framework/src/Illuminate/Database/Eloquent/Builder.php(2237): Illuminate/Database/Query/Builder->insertGetId(Array, 'id')
#5 C:/xampp57/htdocs/CommandeCI/backend/vendor/laravel/framework/src/Illuminate/Database/Eloquent/Model.php(1436): Illuminate/Database/Eloquent/Builder->__call('insertGetId', Array)
#6 C:/xampp57/htdocs/CommandeCI/backend/vendor/laravel/framework/src/Illuminate/Database/Eloquent/Model.php(1401): Illuminate/Database/Eloquent/Model->insertAndSetId(Object(Illuminate/Database/Eloquent/Builder), Array)
#7 C:/xampp57/htdocs/CommandeCI/backend/vendor/laravel/framework/src/Illuminate/Database/Eloquent/Model.php(1240): Illuminate/Database/Eloquent/Model->performInsert(Object(Illuminate/Database/Eloquent/Builder))
#8 C:/xampp57/htdocs/CommandeCI/backend/vendor/laravel/framework/src/Illuminate/Database/Eloquent/Relations/HasOneOrMany.php(391): Illuminate/Database/Eloquent/Model->save()
#9 C:/xampp57/htdocs/CommandeCI/backend/vendor/laravel/framework/src/Illuminate/Support/helpers.php(393): Illuminate/Database/Eloquent/Relations/HasOneOrMany->{closure:Illuminate/Database/Eloquent/Relations/HasOneOrMany::create():388}(Object(Laravel/Sanctum/PersonalAccessToken))
#10 C:/xampp57/htdocs/CommandeCI/backend/vendor/laravel/framework/src/Illuminate/Database/Eloquent/Relations/HasOneOrMany.php(388): tap(Object(Laravel/Sanctum/PersonalAccessToken), Object(Closure))
#11 C:/xampp57/htdocs/CommandeCI/backend/vendor/laravel/sanctum/src/HasApiTokens.php(64): Illuminate/Database/Eloquent/Relations/HasOneOrMany->create(Array)
#12 C:/xampp57/htdocs/CommandeCI/backend/app/Http/Controllers/Api/AuthController.php(38): App/Models/User->createToken('commandeci-mobi...')
#13 C:/xampp57/htdocs/CommandeCI/backend/vendor/laravel/framework/src/Illuminate/Routing/ControllerDispatcher.php(46): App/Http/Controllers/Api/AuthController->register(Object(Illuminate/Http/Request))
#14 C:/xampp57/htdocs/CommandeCI/backend/vendor/laravel/framework/src/Illuminate/Routing/Route.php(265): Illuminate/Routing/ControllerDispatcher->dispatch(Object(Illuminate/Routing/Route), Object(App/Http/Controllers/Api/AuthController), 'register')
#15 C:/xampp57/htdocs/CommandeCI/backend/vendor/laravel/framework/src/Illuminate/Routing/Route.php(211): Illuminate/Routing/Route->runController()
#16 C:/xampp57/htdocs/CommandeCI/backend/vendor/laravel/framework/src/Illuminate/Routing/Router.php(822): Illuminate/Routing/Route->run()
#17 C:/xampp57/htdocs/CommandeCI/backend/vendor/laravel/framework/src/Illuminate/Pipeline/Pipeline.php(180): Illuminate/Routing/Router->{closure:Illuminate/Routing/Router::runRouteWithinStack():821}(Object(Illuminate/Http/Request))
#18 C:/xampp57/htdocs/CommandeCI/backend/vendor/laravel/framework/src/Illuminate/Routing/Middleware/SubstituteBindings.php(50): Illuminate/Pipeline/Pipeline->{closure:Illuminate/Pipeline/Pipeline::prepareDestination():178}(Object(Illuminate/Http/Request))
#19 C:/xampp57/htdocs/CommandeCI/backend/vendor/laravel/framework/src/Illuminate/Pipeline/Pipeline.php(219): Illuminate/Routing/Middleware/SubstituteBindings->handle(Object(Illuminate/Http/Request), Object(Closure))
#20 C:/xampp57/htdocs/CommandeCI/backend/vendor/laravel/framework/src/Illuminate/Routing/Middleware/ThrottleRequests.php(166): Illuminate/Pipeline/Pipeline->{closure:{closure:Illuminate/Pipeline/Pipeline::carry():194}:195}(Object(Illuminate/Http/Request))
#21 C:/xampp57/htdocs/CommandeCI/backend/vendor/laravel/framework/src/Illuminate/Routing/Middleware/ThrottleRequests.php(93): Illuminate/Routing/Middleware/ThrottleRequests->handleRequest(Object(Illuminate/Http/Request), Object(Closure), Array)
#22 C:/xampp57/htdocs/CommandeCI/backend/vendor/laravel/framework/src/Illuminate/Pipeline/Pipeline.php(219): Illuminate/Routing/Middleware/ThrottleRequests->handle(Object(Illuminate/Http/Request), Object(Closure), '5', '1')
#23 C:/xampp57/htdocs/CommandeCI/backend/vendor/laravel/framework/src/Illuminate/Pipeline/Pipeline.php(137): Illuminate/Pipeline/Pipeline->{closure:{closure:Illuminate/Pipeline/Pipeline::carry():194}:195}(Object(Illuminate/Http/Request))
#24 C:/xampp57/htdocs/CommandeCI/backend/vendor/laravel/framework/src/Illuminate/Routing/Router.php(821): Illuminate/Pipeline/Pipeline->then(Object(Closure))
#25 C:/xampp57/htdocs/CommandeCI/backend/vendor/laravel/framework/src/Illuminate/Routing/Router.php(800): Illuminate/Routing/Router->runRouteWithinStack(Object(Illuminate/Routing/Route), Object(Illuminate/Http/Request))
#26 C:/xampp57/htdocs/CommandeCI/backend/vendor/laravel/framework/src/Illuminate/Routing/Router.php(764): Illuminate/Routing/Router->runRoute(Object(Illuminate/Http/Request), Object(Illuminate/Routing/Route))
#27 C:/xampp57/htdocs/CommandeCI/backend/vendor/laravel/framework/src/Illuminate/Routing/Router.php(753): Illuminate/Routing/Router->dispatchToRoute(Object(Illuminate/Http/Request))
#28 C:/xampp57/htdocs/CommandeCI/backend/vendor/laravel/framework/src/Illuminate/Foundation/Http/Kernel.php(200): Illuminate/Routing/Router->dispatch(Object(Illuminate/Http/Request))
#29 C:/xampp57/htdocs/CommandeCI/backend/vendor/laravel/framework/src/Illuminate/Pipeline/Pipeline.php(180): Illuminate/Foundation/Http/Kernel->{closure:Illuminate/Foundation/Http/Kernel::dispatchToRouter():197}(Object(Illuminate/Http/Request))
#30 C:/xampp57/htdocs/CommandeCI/backend/vendor/laravel/framework/src/Illuminate/Foundation/Http/Middleware/TransformsRequest.php(21): Illuminate/Pipeline/Pipeline->{closure:Illuminate/Pipeline/Pipeline::prepareDestination():178}(Object(Illuminate/Http/Request))
#31 C:/xampp57/htdocs/CommandeCI/backend/vendor/laravel/framework/src/Illuminate/Foundation/Http/Middleware/ConvertEmptyStringsToNull.php(31): Illuminate/Foundation/Http/Middleware/TransformsRequest->handle(Object(Illuminate/Http/Request), Object(Closure))
#32 C:/xampp57/htdocs/CommandeCI/backend/vendor/laravel/framework/src/Illuminate/Pipeline/Pipeline.php(219): Illuminate/Foundation/Http/Middleware/ConvertEmptyStringsToNull->handle(Object(Illuminate/Http/Request), Object(Closure))
#33 C:/xampp57/htdocs/CommandeCI/backend/vendor/laravel/framework/src/Illuminate/Foundation/Http/Middleware/TransformsRequest.php(21): Illuminate/Pipeline/Pipeline->{closure:{closure:Illuminate/Pipeline/Pipeline::carry():194}:195}(Object(Illuminate/Http/Request))
#34 C:/xampp57/htdocs/CommandeCI/backend/vendor/laravel/framework/src/Illuminate/Foundation/Http/Middleware/TrimStrings.php(51): Illuminate/Foundation/Http/Middleware/TransformsRequest->handle(Object(Illuminate/Http/Request), Object(Closure))
#35 C:/xampp57/htdocs/CommandeCI/backend/vendor/laravel/framework/src/Illuminate/Pipeline/Pipeline.php(219): Illuminate/Foundation/Http/Middleware/TrimStrings->handle(Object(Illuminate/Http/Request), Object(Closure))
#36 C:/xampp57/htdocs/CommandeCI/backend/vendor/laravel/framework/src/Illuminate/Http/Middleware/ValidatePostSize.php(27): Illuminate/Pipeline/Pipeline->{closure:{closure:Illuminate/Pipeline/Pipeline::carry():194}:195}(Object(Illuminate/Http/Request))
#37 C:/xampp57/htdocs/CommandeCI/backend/vendor/laravel/framework/src/Illuminate/Pipeline/Pipeline.php(219): Illuminate/Http/Middleware/ValidatePostSize->handle(Object(Illuminate/Http/Request), Object(Closure))
#38 C:/xampp57/htdocs/CommandeCI/backend/vendor/laravel/framework/src/Illuminate/Foundation/Http/Middleware/PreventRequestsDuringMaintenance.php(109): Illuminate/Pipeline/Pipeline->{closure:{closure:Illuminate/Pipeline/Pipeline::carry():194}:195}(Object(Illuminate/Http/Request))
#39 C:/xampp57/htdocs/CommandeCI/backend/vendor/laravel/framework/src/Illuminate/Pipeline/Pipeline.php(219): Illuminate/Foundation/Http/Middleware/PreventRequestsDuringMaintenance->handle(Object(Illuminate/Http/Request), Object(Closure))
#40 C:/xampp57/htdocs/CommandeCI/backend/vendor/laravel/framework/src/Illuminate/Http/Middleware/HandleCors.php(74): Illuminate/Pipeline/Pipeline->{closure:{closure:Illuminate/Pipeline/Pipeline::carry():194}:195}(Object(Illuminate/Http/Request))
#41 C:/xampp57/htdocs/CommandeCI/backend/vendor/laravel/framework/src/Illuminate/Pipeline/Pipeline.php(219): Illuminate/Http/Middleware/HandleCors->handle(Object(Illuminate/Http/Request), Object(Closure))
#42 C:/xampp57/htdocs/CommandeCI/backend/vendor/laravel/framework/src/Illuminate/Http/Middleware/TrustProxies.php(58): Illuminate/Pipeline/Pipeline->{closure:{closure:Illuminate/Pipeline/Pipeline::carry():194}:195}(Object(Illuminate/Http/Request))
#43 C:/xampp57/htdocs/CommandeCI/backend/vendor/laravel/framework/src/Illuminate/Pipeline/Pipeline.php(219): Illuminate/Http/Middleware/TrustProxies->handle(Object(Illuminate/Http/Request), Object(Closure))
#44 C:/xampp57/htdocs/CommandeCI/backend/vendor/laravel/framework/src/Illuminate/Foundation/Http/Middleware/InvokeDeferredCallbacks.php(22): Illuminate/Pipeline/Pipeline->{closure:{closure:Illuminate/Pipeline/Pipeline::carry():194}:195}(Object(Illuminate/Http/Request))
#45 C:/xampp57/htdocs/CommandeCI/backend/vendor/laravel/framework/src/Illuminate/Pipeline/Pipeline.php(219): Illuminate/Foundation/Http/Middleware/InvokeDeferredCallbacks->handle(Object(Illuminate/Http/Request), Object(Closure))
#46 C:/xampp57/htdocs/CommandeCI/backend/vendor/laravel/framework/src/Illuminate/Http/Middleware/ValidatePathEncoding.php(26): Illuminate/Pipeline/Pipeline->{closure:{closure:Illuminate/Pipeline/Pipeline::carry():194}:195}(Object(Illuminate/Http/Request))
#47 C:/xampp57/htdocs/CommandeCI/backend/vendor/laravel/framework/src/Illuminate/Pipeline/Pipeline.php(219): Illuminate/Http/Middleware/ValidatePathEncoding->handle(Object(Illuminate/Http/Request), Object(Closure))
#48 C:/xampp57/htdocs/CommandeCI/backend/vendor/laravel/framework/src/Illuminate/Pipeline/Pipeline.php(137): Illuminate/Pipeline/Pipeline->{closure:{closure:Illuminate/Pipeline/Pipeline::carry():194}:195}(Object(Illuminate/Http/Request))
#49 C:/xampp57/htdocs/CommandeCI/backend/vendor/laravel/framework/src/Illuminate/Foundation/Http/Kernel.php(175): Illuminate/Pipeline/Pipeline->then(Object(Closure))
#50 C:/xampp57/htdocs/CommandeCI/backend/vendor/laravel/framework/src/Illuminate/Foundation/Http/Kernel.php(144): Illuminate/Foundation/Http/Kernel->sendRequestThroughRouter(Object(Illuminate/Http/Request))
#51 C:/xampp57/htdocs/CommandeCI/backend/vendor/laravel/framework/src/Illuminate/Foundation/Application.php(1220): Illuminate/Foundation/Http/Kernel->handle(Object(Illuminate/Http/Request))
#52 C:/xampp57/htdocs/CommandeCI/backend/public/index.php(20): Illuminate/Foundation/Application->handleRequest(Object(Illuminate/Http/Request))
#53 C:/xampp57/htdocs/CommandeCI/backend/vendor/laravel/framework/src/Illuminate/Foundation/resources/server.php(23): require_once('C://xampp57//htdo...')
#54 {main}

[previous exception] [object] (PDOException(code: 42S02): SQLSTATE[42S02]: Base table or view not found: 1146 Table 'commandeci.personal_access_tokens' doesn't exist at C:/xampp57/htdocs/CommandeCI/backend/vendor/laravel/framework/src/Illuminate/Database/MySqlConnection.php:47)
[stacktrace]
#0 C:/xampp57/htdocs/CommandeCI/backend/vendor/laravel/framework/src/Illuminate/Database/MySqlConnection.php(47): PDO->prepare('insert into `pe...')
#1 C:/xampp57/htdocs/CommandeCI/backend/vendor/laravel/framework/src/Illuminate/Database/Connection.php(827): Illuminate/Database/MySqlConnection->{closure:Illuminate/Database/MySqlConnection::insert():42}('insert into `pe...', Array)
#2 C:/xampp57/htdocs/CommandeCI/backend/vendor/laravel/framework/src/Illuminate/Database/Connection.php(794): Illuminate/Database/Connection->runQueryCallback('insert into `pe...', Array, Object(Closure))
#3 C:/xampp57/htdocs/CommandeCI/backend/vendor/laravel/framework/src/Illuminate/Database/MySqlConnection.php(42): Illuminate/Database/Connection->run('insert into `pe...', Array, Object(Closure))
#4 C:/xampp57/htdocs/CommandeCI/backend/vendor/laravel/framework/src/Illuminate/Database/Query/Processors/MySqlProcessor.php(35): Illuminate/Database/MySqlConnection->insert('insert into `pe...', Array, 'id')
#5 C:/xampp57/htdocs/CommandeCI/backend/vendor/laravel/framework/src/Illuminate/Database/Query/Builder.php(4170): Illuminate/Database/Query/Processors/MySqlProcessor->processInsertGetId(Object(Illuminate/Database/Query/Builder), 'insert into `pe...', Array, 'id')
#6 C:/xampp57/htdocs/CommandeCI/backend/vendor/laravel/framework/src/Illuminate/Database/Eloquent/Builder.php(2237): Illuminate/Database/Query/Builder->insertGetId(Array, 'id')
#7 C:/xampp57/htdocs/CommandeCI/backend/vendor/laravel/framework/src/Illuminate/Database/Eloquent/Model.php(1436): Illuminate/Database/Eloquent/Builder->__call('insertGetId', Array)
#8 C:/xampp57/htdocs/CommandeCI/backend/vendor/laravel/framework/src/Illuminate/Database/Eloquent/Model.php(1401): Illuminate/Database/Eloquent/Model->insertAndSetId(Object(Illuminate/Database/Eloquent/Builder), Array)
#9 C:/xampp57/htdocs/CommandeCI/backend/vendor/laravel/framework/src/Illuminate/Database/Eloquent/Model.php(1240): Illuminate/Database/Eloquent/Model->performInsert(Object(Illuminate/Database/Eloquent/Builder))
#10 C:/xampp57/htdocs/CommandeCI/backend/vendor/laravel/framework/src/Illuminate/Database/Eloquent/Relations/HasOneOrMany.php(391): Illuminate/Database/Eloquent/Model->save()
#11 C:/xampp57/htdocs/CommandeCI/backend/vendor/laravel/framework/src/Illuminate/Support/helpers.php(393): Illuminate/Database/Eloquent/Relations/HasOneOrMany->{closure:Illuminate/Database/Eloquent/Relations/HasOneOrMany::create():388}(Object(Laravel/Sanctum/PersonalAccessToken))
#12 C:/xampp57/htdocs/CommandeCI/backend/vendor/laravel/framework/src/Illuminate/Database/Eloquent/Relations/HasOneOrMany.php(388): tap(Object(Laravel/Sanctum/PersonalAccessToken), Object(Closure))
#13 C:/xampp57/htdocs/CommandeCI/backend/vendor/laravel/sanctum/src/HasApiTokens.php(64): Illuminate/Database/Eloquent/Relations/HasOneOrMany->create(Array)
#14 C:/xampp57/htdocs/CommandeCI/backend/app/Http/Controllers/Api/AuthController.php(38): App/Models/User->createToken('commandeci-mobi...')
#15 C:/xampp57/htdocs/CommandeCI/backend/vendor/laravel/framework/src/Illuminate/Routing/ControllerDispatcher.php(46): App/Http/Controllers/Api/AuthController->register(Object(Illuminate/Http/Request))
#16 C:/xampp57/htdocs/CommandeCI/backend/vendor/laravel/framework/src/Illuminate/Routing/Route.php(265): Illuminate/Routing/ControllerDispatcher->dispatch(Object(Illuminate/Routing/Route), Object(App/Http/Controllers/Api/AuthController), 'register')
#17 C:/xampp57/htdocs/CommandeCI/backend/vendor/laravel/framework/src/Illuminate/Routing/Route.php(211): Illuminate/Routing/Route->runController()
#18 C:/xampp57/htdocs/CommandeCI/backend/vendor/laravel/framework/src/Illuminate/Routing/Router.php(822): Illuminate/Routing/Route->run()
#19 C:/xampp57/htdocs/CommandeCI/backend/vendor/laravel/framework/src/Illuminate/Pipeline/Pipeline.php(180): Illuminate/Routing/Router->{closure:Illuminate/Routing/Router::runRouteWithinStack():821}(Object(Illuminate/Http/Request))
#20 C:/xampp57/htdocs/CommandeCI/backend/vendor/laravel/framework/src/Illuminate/Routing/Middleware/SubstituteBindings.php(50): Illuminate/Pipeline/Pipeline->{closure:Illuminate/Pipeline/Pipeline::prepareDestination():178}(Object(Illuminate/Http/Request))
#21 C:/xampp57/htdocs/CommandeCI/backend/vendor/laravel/framework/src/Illuminate/Pipeline/Pipeline.php(219): Illuminate/Routing/Middleware/SubstituteBindings->handle(Object(Illuminate/Http/Request), Object(Closure))
#22 C:/xampp57/htdocs/CommandeCI/backend/vendor/laravel/framework/src/Illuminate/Routing/Middleware/ThrottleRequests.php(166): Illuminate/Pipeline/Pipeline->{closure:{closure:Illuminate/Pipeline/Pipeline::carry():194}:195}(Object(Illuminate/Http/Request))
#23 C:/xampp57/htdocs/CommandeCI/backend/vendor/laravel/framework/src/Illuminate/Routing/Middleware/ThrottleRequests.php(93): Illuminate/Routing/Middleware/ThrottleRequests->handleRequest(Object(Illuminate/Http/Request), Object(Closure), Array)
#24 C:/xampp57/htdocs/CommandeCI/backend/vendor/laravel/framework/src/Illuminate/Pipeline/Pipeline.php(219): Illuminate/Routing/Middleware/ThrottleRequests->handle(Object(Illuminate/Http/Request), Object(Closure), '5', '1')
#25 C:/xampp57/htdocs/CommandeCI/backend/vendor/laravel/framework/src/Illuminate/Pipeline/Pipeline.php(137): Illuminate/Pipeline/Pipeline->{closure:{closure:Illuminate/Pipeline/Pipeline::carry():194}:195}(Object(Illuminate/Http/Request))
#26 C:/xampp57/htdocs/CommandeCI/backend/vendor/laravel/framework/src/Illuminate/Routing/Router.php(821): Illuminate/Pipeline/Pipeline->then(Object(Closure))
#27 C:/xampp57/htdocs/CommandeCI/backend/vendor/laravel/framework/src/Illuminate/Routing/Router.php(800): Illuminate/Routing/Router->runRouteWithinStack(Object(Illuminate/Routing/Route), Object(Illuminate/Http/Request))
#28 C:/xampp57/htdocs/CommandeCI/backend/vendor/laravel/framework/src/Illuminate/Routing/Router.php(764): Illuminate/Routing/Router->runRoute(Object(Illuminate/Http/Request), Object(Illuminate/Routing/Route))
#29 C:/xampp57/htdocs/CommandeCI/backend/vendor/laravel/framework/src/Illuminate/Routing/Router.php(753): Illuminate/Routing/Router->dispatchToRoute(Object(Illuminate/Http/Request))
#30 C:/xampp57/htdocs/CommandeCI/backend/vendor/laravel/framework/src/Illuminate/Foundation/Http/Kernel.php(200): Illuminate/Routing/Router->dispatch(Object(Illuminate/Http/Request))
#31 C:/xampp57/htdocs/CommandeCI/backend/vendor/laravel/framework/src/Illuminate/Pipeline/Pipeline.php(180): Illuminate/Foundation/Http/Kernel->{closure:Illuminate/Foundation/Http/Kernel::dispatchToRouter():197}(Object(Illuminate/Http/Request))
#32 C:/xampp57/htdocs/CommandeCI/backend/vendor/laravel/framework/src/Illuminate/Foundation/Http/Middleware/TransformsRequest.php(21): Illuminate/Pipeline/Pipeline->{closure:Illuminate/Pipeline/Pipeline::prepareDestination():178}(Object(Illuminate/Http/Request))
#33 C:/xampp57/htdocs/CommandeCI/backend/vendor/laravel/framework/src/Illuminate/Foundation/Http/Middleware/ConvertEmptyStringsToNull.php(31): Illuminate/Foundation/Http/Middleware/TransformsRequest->handle(Object(Illuminate/Http/Request), Object(Closure))
#34 C:/xampp57/htdocs/CommandeCI/backend/vendor/laravel/framework/src/Illuminate/Pipeline/Pipeline.php(219): Illuminate/Foundation/Http/Middleware/ConvertEmptyStringsToNull->handle(Object(Illuminate/Http/Request), Object(Closure))
#35 C:/xampp57/htdocs/CommandeCI/backend/vendor/laravel/framework/src/Illuminate/Foundation/Http/Middleware/TransformsRequest.php(21): Illuminate/Pipeline/Pipeline->{closure:{closure:Illuminate/Pipeline/Pipeline::carry():194}:195}(Object(Illuminate/Http/Request))
#36 C:/xampp57/htdocs/CommandeCI/backend/vendor/laravel/framework/src/Illuminate/Foundation/Http/Middleware/TrimStrings.php(51): Illuminate/Foundation/Http/Middleware/TransformsRequest->handle(Object(Illuminate/Http/Request), Object(Closure))
#37 C:/xampp57/htdocs/CommandeCI/backend/vendor/laravel/framework/src/Illuminate/Pipeline/Pipeline.php(219): Illuminate/Foundation/Http/Middleware/TrimStrings->handle(Object(Illuminate/Http/Request), Object(Closure))
#38 C:/xampp57/htdocs/CommandeCI/backend/vendor/laravel/framework/src/Illuminate/Http/Middleware/ValidatePostSize.php(27): Illuminate/Pipeline/Pipeline->{closure:{closure:Illuminate/Pipeline/Pipeline::carry():194}:195}(Object(Illuminate/Http/Request))
#39 C:/xampp57/htdocs/CommandeCI/backend/vendor/laravel/framework/src/Illuminate/Pipeline/Pipeline.php(219): Illuminate/Http/Middleware/ValidatePostSize->handle(Object(Illuminate/Http/Request), Object(Closure))
#40 C:/xampp57/htdocs/CommandeCI/backend/vendor/laravel/framework/src/Illuminate/Foundation/Http/Middleware/PreventRequestsDuringMaintenance.php(109): Illuminate/Pipeline/Pipeline->{closure:{closure:Illuminate/Pipeline/Pipeline::carry():194}:195}(Object(Illuminate/Http/Request))
#41 C:/xampp57/htdocs/CommandeCI/backend/vendor/laravel/framework/src/Illuminate/Pipeline/Pipeline.php(219): Illuminate/Foundation/Http/Middleware/PreventRequestsDuringMaintenance->handle(Object(Illuminate/Http/Request), Object(Closure))
#42 C:/xampp57/htdocs/CommandeCI/backend/vendor/laravel/framework/src/Illuminate/Http/Middleware/HandleCors.php(74): Illuminate/Pipeline/Pipeline->{closure:{closure:Illuminate/Pipeline/Pipeline::carry():194}:195}(Object(Illuminate/Http/Request))
#43 C:/xampp57/htdocs/CommandeCI/backend/vendor/laravel/framework/src/Illuminate/Pipeline/Pipeline.php(219): Illuminate/Http/Middleware/HandleCors->handle(Object(Illuminate/Http/Request), Object(Closure))
#44 C:/xampp57/htdocs/CommandeCI/backend/vendor/laravel/framework/src/Illuminate/Http/Middleware/TrustProxies.php(58): Illuminate/Pipeline/Pipeline->{closure:{closure:Illuminate/Pipeline/Pipeline::carry():194}:195}(Object(Illuminate/Http/Request))
#45 C:/xampp57/htdocs/CommandeCI/backend/vendor/laravel/framework/src/Illuminate/Pipeline/Pipeline.php(219): Illuminate/Http/Middleware/TrustProxies->handle(Object(Illuminate/Http/Request), Object(Closure))
#46 C:/xampp57/htdocs/CommandeCI/backend/vendor/laravel/framework/src/Illuminate/Foundation/Http/Middleware/InvokeDeferredCallbacks.php(22): Illuminate/Pipeline/Pipeline->{closure:{closure:Illuminate/Pipeline/Pipeline::carry():194}:195}(Object(Illuminate/Http/Request))
#47 C:/xampp57/htdocs/CommandeCI/backend/vendor/laravel/framework/src/Illuminate/Pipeline/Pipeline.php(219): Illuminate/Foundation/Http/Middleware/InvokeDeferredCallbacks->handle(Object(Illuminate/Http/Request), Object(Closure))
#48 C:/xampp57/htdocs/CommandeCI/backend/vendor/laravel/framework/src/Illuminate/Http/Middleware/ValidatePathEncoding.php(26): Illuminate/Pipeline/Pipeline->{closure:{closure:Illuminate/Pipeline/Pipeline::carry():194}:195}(Object(Illuminate/Http/Request))
#49 C:/xampp57/htdocs/CommandeCI/backend/vendor/laravel/framework/src/Illuminate/Pipeline/Pipeline.php(219): Illuminate/Http/Middleware/ValidatePathEncoding->handle(Object(Illuminate/Http/Request), Object(Closure))
#50 C:/xampp57/htdocs/CommandeCI/backend/vendor/laravel/framework/src/Illuminate/Pipeline/Pipeline.php(137): Illuminate/Pipeline/Pipeline->{closure:{closure:Illuminate/Pipeline/Pipeline::carry():194}:195}(Object(Illuminate/Http/Request))
#51 C:/xampp57/htdocs/CommandeCI/backend/vendor/laravel/framework/src/Illuminate/Foundation/Http/Kernel.php(175): Illuminate/Pipeline/Pipeline->then(Object(Closure))
#52 C:/xampp57/htdocs/CommandeCI/backend/vendor/laravel/framework/src/Illuminate/Foundation/Http/Kernel.php(144): Illuminate/Foundation/Http/Kernel->sendRequestThroughRouter(Object(Illuminate/Http/Request))
#53 C:/xampp57/htdocs/CommandeCI/backend/vendor/laravel/framework/src/Illuminate/Foundation/Application.php(1220): Illuminate/Foundation/Http/Kernel->handle(Object(Illuminate/Http/Request))
#54 C:/xampp57/htdocs/CommandeCI/backend/public/index.php(20): Illuminate/Foundation/Application->handleRequest(Object(Illuminate/Http/Request))
#55 C:/xampp57/htdocs/CommandeCI/backend/vendor/laravel/framework/src/Illuminate/Foundation/resources/server.php(23): require_once('C://xampp57//htdo...')
#56 {main}
"} 
[2026-08-16 15:58:03] local.ERROR: SQLSTATE[42S02]: Base table or view not found: 1146 Table 'commandeci.personal_access_tokens' doesn't exist (Connection: mysql, Host: 127.0.0.1, Port: 3306, Database: commandeci, SQL: insert into `personal_access_tokens` (`name`, `token`, `abilities`, `expires_at`, `tokenable_id`, `tokenable_type`, `updated_at`, `created_at`) values (commandeci-mobile, 0594e74fdba3ffc113654e1098fab975205f77c9907873d4889e2dbb0ae9e5ef, ["*"], ?, 5, App\Models\User, 2026-08-16 15:58:03, 2026-08-16 15:58:03)) {"exception":"[object] (Illuminate\\Database\\QueryException(code: 42S02): SQLSTATE[42S02]: Base table or view not found: 1146 Table 'commandeci.personal_access_tokens' doesn't exist (Connection: mysql, Host: 127.0.0.1, Port: 3306, Database: commandeci, SQL: insert into `personal_access_tokens` (`name`, `token`, `abilities`, `expires_at`, `tokenable_id`, `tokenable_type`, `updated_at`, `created_at`) values (commandeci-mobile, 0594e74fdba3ffc113654e1098fab975205f77c9907873d4889e2dbb0ae9e5ef, [\"*\"], ?, 5, App\\Models\\User, 2026-08-16 15:58:03, 2026-08-16 15:58:03)) at C:/xampp57/htdocs/CommandeCI/backend/vendor/laravel/framework/src/Illuminate/Database/Connection.php:838)
[stacktrace]
#0 C:/xampp57/htdocs/CommandeCI/backend/vendor/laravel/framework/src/Illuminate/Database/Connection.php(794): Illuminate/Database/Connection->runQueryCallback('insert into `pe...', Array, Object(Closure))
#1 C:/xampp57/htdocs/CommandeCI/backend/vendor/laravel/framework/src/Illuminate/Database/MySqlConnection.php(42): Illuminate/Database/Connection->run('insert into `pe...', Array, Object(Closure))
#2 C:/xampp57/htdocs/CommandeCI/backend/vendor/laravel/framework/src/Illuminate/Database/Query/Processors/MySqlProcessor.php(35): Illuminate/Database/MySqlConnection->insert('insert into `pe...', Array, 'id')
#3 C:/xampp57/htdocs/CommandeCI/backend/vendor/laravel/framework/src/Illuminate/Database/Query/Builder.php(4170): Illuminate/Database/Query/Processors/MySqlProcessor->processInsertGetId(Object(Illuminate/Database/Query/Builder), 'insert into `pe...', Array, 'id')
#4 C:/xampp57/htdocs/CommandeCI/backend/vendor/laravel/framework/src/Illuminate/Database/Eloquent/Builder.php(2237): Illuminate/Database/Query/Builder->insertGetId(Array, 'id')
#5 C:/xampp57/htdocs/CommandeCI/backend/vendor/laravel/framework/src/Illuminate/Database/Eloquent/Model.php(1436): Illuminate/Database/Eloquent/Builder->__call('insertGetId', Array)
#6 C:/xampp57/htdocs/CommandeCI/backend/vendor/laravel/framework/src/Illuminate/Database/Eloquent/Model.php(1401): Illuminate/Database/Eloquent/Model->insertAndSetId(Object(Illuminate/Database/Eloquent/Builder), Array)
#7 C:/xampp57/htdocs/CommandeCI/backend/vendor/laravel/framework/src/Illuminate/Database/Eloquent/Model.php(1240): Illuminate/Database/Eloquent/Model->performInsert(Object(Illuminate/Database/Eloquent/Builder))
#8 C:/xampp57/htdocs/CommandeCI/backend/vendor/laravel/framework/src/Illuminate/Database/Eloquent/Relations/HasOneOrMany.php(391): Illuminate/Database/Eloquent/Model->save()
#9 C:/xampp57/htdocs/CommandeCI/backend/vendor/laravel/framework/src/Illuminate/Support/helpers.php(393): Illuminate/Database/Eloquent/Relations/HasOneOrMany->{closure:Illuminate/Database/Eloquent/Relations/HasOneOrMany::create():388}(Object(Laravel/Sanctum/PersonalAccessToken))
#10 C:/xampp57/htdocs/CommandeCI/backend/vendor/laravel/framework/src/Illuminate/Database/Eloquent/Relations/HasOneOrMany.php(388): tap(Object(Laravel/Sanctum/PersonalAccessToken), Object(Closure))
#11 C:/xampp57/htdocs/CommandeCI/backend/vendor/laravel/sanctum/src/HasApiTokens.php(64): Illuminate/Database/Eloquent/Relations/HasOneOrMany->create(Array)
#12 C:/xampp57/htdocs/CommandeCI/backend/app/Http/Controllers/Api/AuthController.php(38): App/Models/User->createToken('commandeci-mobi...')
#13 C:/xampp57/htdocs/CommandeCI/backend/vendor/laravel/framework/src/Illuminate/Routing/ControllerDispatcher.php(46): App/Http/Controllers/Api/AuthController->register(Object(Illuminate/Http/Request))
#14 C:/xampp57/htdocs/CommandeCI/backend/vendor/laravel/framework/src/Illuminate/Routing/Route.php(265): Illuminate/Routing/ControllerDispatcher->dispatch(Object(Illuminate/Routing/Route), Object(App/Http/Controllers/Api/AuthController), 'register')
#15 C:/xampp57/htdocs/CommandeCI/backend/vendor/laravel/framework/src/Illuminate/Routing/Route.php(211): Illuminate/Routing/Route->runController()
#16 C:/xampp57/htdocs/CommandeCI/backend/vendor/laravel/framework/src/Illuminate/Routing/Router.php(822): Illuminate/Routing/Route->run()
#17 C:/xampp57/htdocs/CommandeCI/backend/vendor/laravel/framework/src/Illuminate/Pipeline/Pipeline.php(180): Illuminate/Routing/Router->{closure:Illuminate/Routing/Router::runRouteWithinStack():821}(Object(Illuminate/Http/Request))
#18 C:/xampp57/htdocs/CommandeCI/backend/vendor/laravel/framework/src/Illuminate/Routing/Middleware/SubstituteBindings.php(50): Illuminate/Pipeline/Pipeline->{closure:Illuminate/Pipeline/Pipeline::prepareDestination():178}(Object(Illuminate/Http/Request))
#19 C:/xampp57/htdocs/CommandeCI/backend/vendor/laravel/framework/src/Illuminate/Pipeline/Pipeline.php(219): Illuminate/Routing/Middleware/SubstituteBindings->handle(Object(Illuminate/Http/Request), Object(Closure))
#20 C:/xampp57/htdocs/CommandeCI/backend/vendor/laravel/framework/src/Illuminate/Routing/Middleware/ThrottleRequests.php(166): Illuminate/Pipeline/Pipeline->{closure:{closure:Illuminate/Pipeline/Pipeline::carry():194}:195}(Object(Illuminate/Http/Request))
#21 C:/xampp57/htdocs/CommandeCI/backend/vendor/laravel/framework/src/Illuminate/Routing/Middleware/ThrottleRequests.php(93): Illuminate/Routing/Middleware/ThrottleRequests->handleRequest(Object(Illuminate/Http/Request), Object(Closure), Array)
#22 C:/xampp57/htdocs/CommandeCI/backend/vendor/laravel/framework/src/Illuminate/Pipeline/Pipeline.php(219): Illuminate/Routing/Middleware/ThrottleRequests->handle(Object(Illuminate/Http/Request), Object(Closure), '5', '1')
#23 C:/xampp57/htdocs/CommandeCI/backend/vendor/laravel/framework/src/Illuminate/Pipeline/Pipeline.php(137): Illuminate/Pipeline/Pipeline->{closure:{closure:Illuminate/Pipeline/Pipeline::carry():194}:195}(Object(Illuminate/Http/Request))
#24 C:/xampp57/htdocs/CommandeCI/backend/vendor/laravel/framework/src/Illuminate/Routing/Router.php(821): Illuminate/Pipeline/Pipeline->then(Object(Closure))
#25 C:/xampp57/htdocs/CommandeCI/backend/vendor/laravel/framework/src/Illuminate/Routing/Router.php(800): Illuminate/Routing/Router->runRouteWithinStack(Object(Illuminate/Routing/Route), Object(Illuminate/Http/Request))
#26 C:/xampp57/htdocs/CommandeCI/backend/vendor/laravel/framework/src/Illuminate/Routing/Router.php(764): Illuminate/Routing/Router->runRoute(Object(Illuminate/Http/Request), Object(Illuminate/Routing/Route))
#27 C:/xampp57/htdocs/CommandeCI/backend/vendor/laravel/framework/src/Illuminate/Routing/Router.php(753): Illuminate/Routing/Router->dispatchToRoute(Object(Illuminate/Http/Request))
#28 C:/xampp57/htdocs/CommandeCI/backend/vendor/laravel/framework/src/Illuminate/Foundation/Http/Kernel.php(200): Illuminate/Routing/Router->dispatch(Object(Illuminate/Http/Request))
#29 C:/xampp57/htdocs/CommandeCI/backend/vendor/laravel/framework/src/Illuminate/Pipeline/Pipeline.php(180): Illuminate/Foundation/Http/Kernel->{closure:Illuminate/Foundation/Http/Kernel::dispatchToRouter():197}(Object(Illuminate/Http/Request))
#30 C:/xampp57/htdocs/CommandeCI/backend/vendor/laravel/framework/src/Illuminate/Foundation/Http/Middleware/TransformsRequest.php(21): Illuminate/Pipeline/Pipeline->{closure:Illuminate/Pipeline/Pipeline::prepareDestination():178}(Object(Illuminate/Http/Request))
#31 C:/xampp57/htdocs/CommandeCI/backend/vendor/laravel/framework/src/Illuminate/Foundation/Http/Middleware/ConvertEmptyStringsToNull.php(31): Illuminate/Foundation/Http/Middleware/TransformsRequest->handle(Object(Illuminate/Http/Request), Object(Closure))
#32 C:/xampp57/htdocs/CommandeCI/backend/vendor/laravel/framework/src/Illuminate/Pipeline/Pipeline.php(219): Illuminate/Foundation/Http/Middleware/ConvertEmptyStringsToNull->handle(Object(Illuminate/Http/Request), Object(Closure))
#33 C:/xampp57/htdocs/CommandeCI/backend/vendor/laravel/framework/src/Illuminate/Foundation/Http/Middleware/TransformsRequest.php(21): Illuminate/Pipeline/Pipeline->{closure:{closure:Illuminate/Pipeline/Pipeline::carry():194}:195}(Object(Illuminate/Http/Request))
#34 C:/xampp57/htdocs/CommandeCI/backend/vendor/laravel/framework/src/Illuminate/Foundation/Http/Middleware/TrimStrings.php(51): Illuminate/Foundation/Http/Middleware/TransformsRequest->handle(Object(Illuminate/Http/Request), Object(Closure))
#35 C:/xampp57/htdocs/CommandeCI/backend/vendor/laravel/framework/src/Illuminate/Pipeline/Pipeline.php(219): Illuminate/Foundation/Http/Middleware/TrimStrings->handle(Object(Illuminate/Http/Request), Object(Closure))
#36 C:/xampp57/htdocs/CommandeCI/backend/vendor/laravel/framework/src/Illuminate/Http/Middleware/ValidatePostSize.php(27): Illuminate/Pipeline/Pipeline->{closure:{closure:Illuminate/Pipeline/Pipeline::carry():194}:195}(Object(Illuminate/Http/Request))
#37 C:/xampp57/htdocs/CommandeCI/backend/vendor/laravel/framework/src/Illuminate/Pipeline/Pipeline.php(219): Illuminate/Http/Middleware/ValidatePostSize->handle(Object(Illuminate/Http/Request), Object(Closure))
#38 C:/xampp57/htdocs/CommandeCI/backend/vendor/laravel/framework/src/Illuminate/Foundation/Http/Middleware/PreventRequestsDuringMaintenance.php(109): Illuminate/Pipeline/Pipeline->{closure:{closure:Illuminate/Pipeline/Pipeline::carry():194}:195}(Object(Illuminate/Http/Request))
#39 C:/xampp57/htdocs/CommandeCI/backend/vendor/laravel/framework/src/Illuminate/Pipeline/Pipeline.php(219): Illuminate/Foundation/Http/Middleware/PreventRequestsDuringMaintenance->handle(Object(Illuminate/Http/Request), Object(Closure))
#40 C:/xampp57/htdocs/CommandeCI/backend/vendor/laravel/framework/src/Illuminate/Http/Middleware/HandleCors.php(74): Illuminate/Pipeline/Pipeline->{closure:{closure:Illuminate/Pipeline/Pipeline::carry():194}:195}(Object(Illuminate/Http/Request))
#41 C:/xampp57/htdocs/CommandeCI/backend/vendor/laravel/framework/src/Illuminate/Pipeline/Pipeline.php(219): Illuminate/Http/Middleware/HandleCors->handle(Object(Illuminate/Http/Request), Object(Closure))
#42 C:/xampp57/htdocs/CommandeCI/backend/vendor/laravel/framework/src/Illuminate/Http/Middleware/TrustProxies.php(58): Illuminate/Pipeline/Pipeline->{closure:{closure:Illuminate/Pipeline/Pipeline::carry():194}:195}(Object(Illuminate/Http/Request))
#43 C:/xampp57/htdocs/CommandeCI/backend/vendor/laravel/framework/src/Illuminate/Pipeline/Pipeline.php(219): Illuminate/Http/Middleware/TrustProxies->handle(Object(Illuminate/Http/Request), Object(Closure))
#44 C:/xampp57/htdocs/CommandeCI/backend/vendor/laravel/framework/src/Illuminate/Foundation/Http/Middleware/InvokeDeferredCallbacks.php(22): Illuminate/Pipeline/Pipeline->{closure:{closure:Illuminate/Pipeline/Pipeline::carry():194}:195}(Object(Illuminate/Http/Request))
#45 C:/xampp57/htdocs/CommandeCI/backend/vendor/laravel/framework/src/Illuminate/Pipeline/Pipeline.php(219): Illuminate/Foundation/Http/Middleware/InvokeDeferredCallbacks->handle(Object(Illuminate/Http/Request), Object(Closure))
#46 C:/xampp57/htdocs/CommandeCI/backend/vendor/laravel/framework/src/Illuminate/Http/Middleware/ValidatePathEncoding.php(26): Illuminate/Pipeline/Pipeline->{closure:{closure:Illuminate/Pipeline/Pipeline::carry():194}:195}(Object(Illuminate/Http/Request))
#47 C:/xampp57/htdocs/CommandeCI/backend/vendor/laravel/framework/src/Illuminate/Pipeline/Pipeline.php(219): Illuminate/Http/Middleware/ValidatePathEncoding->handle(Object(Illuminate/Http/Request), Object(Closure))
#48 C:/xampp57/htdocs/CommandeCI/backend/vendor/laravel/framework/src/Illuminate/Pipeline/Pipeline.php(137): Illuminate/Pipeline/Pipeline->{closure:{closure:Illuminate/Pipeline/Pipeline::carry():194}:195}(Object(Illuminate/Http/Request))
#49 C:/xampp57/htdocs/CommandeCI/backend/vendor/laravel/framework/src/Illuminate/Foundation/Http/Kernel.php(175): Illuminate/Pipeline/Pipeline->then(Object(Closure))
#50 C:/xampp57/htdocs/CommandeCI/backend/vendor/laravel/framework/src/Illuminate/Foundation/Http/Kernel.php(144): Illuminate/Foundation/Http/Kernel->sendRequestThroughRouter(Object(Illuminate/Http/Request))
#51 C:/xampp57/htdocs/CommandeCI/backend/vendor/laravel/framework/src/Illuminate/Foundation/Application.php(1220): Illuminate/Foundation/Http/Kernel->handle(Object(Illuminate/Http/Request))
#52 C:/xampp57/htdocs/CommandeCI/backend/public/index.php(20): Illuminate/Foundation/Application->handleRequest(Object(Illuminate/Http/Request))
#53 C:/xampp57/htdocs/CommandeCI/backend/vendor/laravel/framework/src/Illuminate/Foundation/resources/server.php(23): require_once('C://xampp57//htdo...')
#54 {main}

[previous exception] [object] (PDOException(code: 42S02): SQLSTATE[42S02]: Base table or view not found: 1146 Table 'commandeci.personal_access_tokens' doesn't exist at C:/xampp57/htdocs/CommandeCI/backend/vendor/laravel/framework/src/Illuminate/Database/MySqlConnection.php:47)
[stacktrace]
#0 C:/xampp57/htdocs/CommandeCI/backend/vendor/laravel/framework/src/Illuminate/Database/MySqlConnection.php(47): PDO->prepare('insert into `pe...')
#1 C:/xampp57/htdocs/CommandeCI/backend/vendor/laravel/framework/src/Illuminate/Database/Connection.php(827): Illuminate/Database/MySqlConnection->{closure:Illuminate/Database/MySqlConnection::insert():42}('insert into `pe...', Array)
#2 C:/xampp57/htdocs/CommandeCI/backend/vendor/laravel/framework/src/Illuminate/Database/Connection.php(794): Illuminate/Database/Connection->runQueryCallback('insert into `pe...', Array, Object(Closure))
#3 C:/xampp57/htdocs/CommandeCI/backend/vendor/laravel/framework/src/Illuminate/Database/MySqlConnection.php(42): Illuminate/Database/Connection->run('insert into `pe...', Array, Object(Closure))
#4 C:/xampp57/htdocs/CommandeCI/backend/vendor/laravel/framework/src/Illuminate/Database/Query/Processors/MySqlProcessor.php(35): Illuminate/Database/MySqlConnection->insert('insert into `pe...', Array, 'id')
#5 C:/xampp57/htdocs/CommandeCI/backend/vendor/laravel/framework/src/Illuminate/Database/Query/Builder.php(4170): Illuminate/Database/Query/Processors/MySqlProcessor->processInsertGetId(Object(Illuminate/Database/Query/Builder), 'insert into `pe...', Array, 'id')
#6 C:/xampp57/htdocs/CommandeCI/backend/vendor/laravel/framework/src/Illuminate/Database/Eloquent/Builder.php(2237): Illuminate/Database/Query/Builder->insertGetId(Array, 'id')
#7 C:/xampp57/htdocs/CommandeCI/backend/vendor/laravel/framework/src/Illuminate/Database/Eloquent/Model.php(1436): Illuminate/Database/Eloquent/Builder->__call('insertGetId', Array)
#8 C:/xampp57/htdocs/CommandeCI/backend/vendor/laravel/framework/src/Illuminate/Database/Eloquent/Model.php(1401): Illuminate/Database/Eloquent/Model->insertAndSetId(Object(Illuminate/Database/Eloquent/Builder), Array)
#9 C:/xampp57/htdocs/CommandeCI/backend/vendor/laravel/framework/src/Illuminate/Database/Eloquent/Model.php(1240): Illuminate/Database/Eloquent/Model->performInsert(Object(Illuminate/Database/Eloquent/Builder))
#10 C:/xampp57/htdocs/CommandeCI/backend/vendor/laravel/framework/src/Illuminate/Database/Eloquent/Relations/HasOneOrMany.php(391): Illuminate/Database/Eloquent/Model->save()
#11 C:/xampp57/htdocs/CommandeCI/backend/vendor/laravel/framework/src/Illuminate/Support/helpers.php(393): Illuminate/Database/Eloquent/Relations/HasOneOrMany->{closure:Illuminate/Database/Eloquent/Relations/HasOneOrMany::create():388}(Object(Laravel/Sanctum/PersonalAccessToken))
#12 C:/xampp57/htdocs/CommandeCI/backend/vendor/laravel/framework/src/Illuminate/Database/Eloquent/Relations/HasOneOrMany.php(388): tap(Object(Laravel/Sanctum/PersonalAccessToken), Object(Closure))
#13 C:/xampp57/htdocs/CommandeCI/backend/vendor/laravel/sanctum/src/HasApiTokens.php(64): Illuminate/Database/Eloquent/Relations/HasOneOrMany->create(Array)
#14 C:/xampp57/htdocs/CommandeCI/backend/app/Http/Controllers/Api/AuthController.php(38): App/Models/User->createToken('commandeci-mobi...')
#15 C:/xampp57/htdocs/CommandeCI/backend/vendor/laravel/framework/src/Illuminate/Routing/ControllerDispatcher.php(46): App/Http/Controllers/Api/AuthController->register(Object(Illuminate/Http/Request))
#16 C:/xampp57/htdocs/CommandeCI/backend/vendor/laravel/framework/src/Illuminate/Routing/Route.php(265): Illuminate/Routing/ControllerDispatcher->dispatch(Object(Illuminate/Routing/Route), Object(App/Http/Controllers/Api/AuthController), 'register')
#17 C:/xampp57/htdocs/CommandeCI/backend/vendor/laravel/framework/src/Illuminate/Routing/Route.php(211): Illuminate/Routing/Route->runController()
#18 C:/xampp57/htdocs/CommandeCI/backend/vendor/laravel/framework/src/Illuminate/Routing/Router.php(822): Illuminate/Routing/Route->run()
#19 C:/xampp57/htdocs/CommandeCI/backend/vendor/laravel/framework/src/Illuminate/Pipeline/Pipeline.php(180): Illuminate/Routing/Router->{closure:Illuminate/Routing/Router::runRouteWithinStack():821}(Object(Illuminate/Http/Request))
#20 C:/xampp57/htdocs/CommandeCI/backend/vendor/laravel/framework/src/Illuminate/Routing/Middleware/SubstituteBindings.php(50): Illuminate/Pipeline/Pipeline->{closure:Illuminate/Pipeline/Pipeline::prepareDestination():178}(Object(Illuminate/Http/Request))
#21 C:/xampp57/htdocs/CommandeCI/backend/vendor/laravel/framework/src/Illuminate/Pipeline/Pipeline.php(219): Illuminate/Routing/Middleware/SubstituteBindings->handle(Object(Illuminate/Http/Request), Object(Closure))
#22 C:/xampp57/htdocs/CommandeCI/backend/vendor/laravel/framework/src/Illuminate/Routing/Middleware/ThrottleRequests.php(166): Illuminate/Pipeline/Pipeline->{closure:{closure:Illuminate/Pipeline/Pipeline::carry():194}:195}(Object(Illuminate/Http/Request))
#23 C:/xampp57/htdocs/CommandeCI/backend/vendor/laravel/framework/src/Illuminate/Routing/Middleware/ThrottleRequests.php(93): Illuminate/Routing/Middleware/ThrottleRequests->handleRequest(Object(Illuminate/Http/Request), Object(Closure), Array)
#24 C:/xampp57/htdocs/CommandeCI/backend/vendor/laravel/framework/src/Illuminate/Pipeline/Pipeline.php(219): Illuminate/Routing/Middleware/ThrottleRequests->handle(Object(Illuminate/Http/Request), Object(Closure), '5', '1')
#25 C:/xampp57/htdocs/CommandeCI/backend/vendor/laravel/framework/src/Illuminate/Pipeline/Pipeline.php(137): Illuminate/Pipeline/Pipeline->{closure:{closure:Illuminate/Pipeline/Pipeline::carry():194}:195}(Object(Illuminate/Http/Request))
#26 C:/xampp57/htdocs/CommandeCI/backend/vendor/laravel/framework/src/Illuminate/Routing/Router.php(821): Illuminate/Pipeline/Pipeline->then(Object(Closure))
#27 C:/xampp57/htdocs/CommandeCI/backend/vendor/laravel/framework/src/Illuminate/Routing/Router.php(800): Illuminate/Routing/Router->runRouteWithinStack(Object(Illuminate/Routing/Route), Object(Illuminate/Http/Request))
#28 C:/xampp57/htdocs/CommandeCI/backend/vendor/laravel/framework/src/Illuminate/Routing/Router.php(764): Illuminate/Routing/Router->runRoute(Object(Illuminate/Http/Request), Object(Illuminate/Routing/Route))
#29 C:/xampp57/htdocs/CommandeCI/backend/vendor/laravel/framework/src/Illuminate/Routing/Router.php(753): Illuminate/Routing/Router->dispatchToRoute(Object(Illuminate/Http/Request))
#30 C:/xampp57/htdocs/CommandeCI/backend/vendor/laravel/framework/src/Illuminate/Foundation/Http/Kernel.php(200): Illuminate/Routing/Router->dispatch(Object(Illuminate/Http/Request))
#31 C:/xampp57/htdocs/CommandeCI/backend/vendor/laravel/framework/src/Illuminate/Pipeline/Pipeline.php(180): Illuminate/Foundation/Http/Kernel->{closure:Illuminate/Foundation/Http/Kernel::dispatchToRouter():197}(Object(Illuminate/Http/Request))
#32 C:/xampp57/htdocs/CommandeCI/backend/vendor/laravel/framework/src/Illuminate/Foundation/Http/Middleware/TransformsRequest.php(21): Illuminate/Pipeline/Pipeline->{closure:Illuminate/Pipeline/Pipeline::prepareDestination():178}(Object(Illuminate/Http/Request))
#33 C:/xampp57/htdocs/CommandeCI/backend/vendor/laravel/framework/src/Illuminate/Foundation/Http/Middleware/ConvertEmptyStringsToNull.php(31): Illuminate/Foundation/Http/Middleware/TransformsRequest->handle(Object(Illuminate/Http/Request), Object(Closure))
#34 C:/xampp57/htdocs/CommandeCI/backend/vendor/laravel/framework/src/Illuminate/Pipeline/Pipeline.php(219): Illuminate/Foundation/Http/Middleware/ConvertEmptyStringsToNull->handle(Object(Illuminate/Http/Request), Object(Closure))
#35 C:/xampp57/htdocs/CommandeCI/backend/vendor/laravel/framework/src/Illuminate/Foundation/Http/Middleware/TransformsRequest.php(21): Illuminate/Pipeline/Pipeline->{closure:{closure:Illuminate/Pipeline/Pipeline::carry():194}:195}(Object(Illuminate/Http/Request))
#36 C:/xampp57/htdocs/CommandeCI/backend/vendor/laravel/framework/src/Illuminate/Foundation/Http/Middleware/TrimStrings.php(51): Illuminate/Foundation/Http/Middleware/TransformsRequest->handle(Object(Illuminate/Http/Request), Object(Closure))
#37 C:/xampp57/htdocs/CommandeCI/backend/vendor/laravel/framework/src/Illuminate/Pipeline/Pipeline.php(219): Illuminate/Foundation/Http/Middleware/TrimStrings->handle(Object(Illuminate/Http/Request), Object(Closure))
#38 C:/xampp57/htdocs/CommandeCI/backend/vendor/laravel/framework/src/Illuminate/Http/Middleware/ValidatePostSize.php(27): Illuminate/Pipeline/Pipeline->{closure:{closure:Illuminate/Pipeline/Pipeline::carry():194}:195}(Object(Illuminate/Http/Request))
#39 C:/xampp57/htdocs/CommandeCI/backend/vendor/laravel/framework/src/Illuminate/Pipeline/Pipeline.php(219): Illuminate/Http/Middleware/ValidatePostSize->handle(Object(Illuminate/Http/Request), Object(Closure))
#40 C:/xampp57/htdocs/CommandeCI/backend/vendor/laravel/framework/src/Illuminate/Foundation/Http/Middleware/PreventRequestsDuringMaintenance.php(109): Illuminate/Pipeline/Pipeline->{closure:{closure:Illuminate/Pipeline/Pipeline::carry():194}:195}(Object(Illuminate/Http/Request))
#41 C:/xampp57/htdocs/CommandeCI/backend/vendor/laravel/framework/src/Illuminate/Pipeline/Pipeline.php(219): Illuminate/Foundation/Http/Middleware/PreventRequestsDuringMaintenance->handle(Object(Illuminate/Http/Request), Object(Closure))
#42 C:/xampp57/htdocs/CommandeCI/backend/vendor/laravel/framework/src/Illuminate/Http/Middleware/HandleCors.php(74): Illuminate/Pipeline/Pipeline->{closure:{closure:Illuminate/Pipeline/Pipeline::carry():194}:195}(Object(Illuminate/Http/Request))
#43 C:/xampp57/htdocs/CommandeCI/backend/vendor/laravel/framework/src/Illuminate/Pipeline/Pipeline.php(219): Illuminate/Http/Middleware/HandleCors->handle(Object(Illuminate/Http/Request), Object(Closure))
#44 C:/xampp57/htdocs/CommandeCI/backend/vendor/laravel/framework/src/Illuminate/Http/Middleware/TrustProxies.php(58): Illuminate/Pipeline/Pipeline->{closure:{closure:Illuminate/Pipeline/Pipeline::carry():194}:195}(Object(Illuminate/Http/Request))
#45 C:/xampp57/htdocs/CommandeCI/backend/vendor/laravel/framework/src/Illuminate/Pipeline/Pipeline.php(219): Illuminate/Http/Middleware/TrustProxies->handle(Object(Illuminate/Http/Request), Object(Closure))
#46 C:/xampp57/htdocs/CommandeCI/backend/vendor/laravel/framework/src/Illuminate/Foundation/Http/Middleware/InvokeDeferredCallbacks.php(22): Illuminate/Pipeline/Pipeline->{closure:{closure:Illuminate/Pipeline/Pipeline::carry():194}:195}(Object(Illuminate/Http/Request))
#47 C:/xampp57/htdocs/CommandeCI/backend/vendor/laravel/framework/src/Illuminate/Pipeline/Pipeline.php(219): Illuminate/Foundation/Http/Middleware/InvokeDeferredCallbacks->handle(Object(Illuminate/Http/Request), Object(Closure))
#48 C:/xampp57/htdocs/CommandeCI/backend/vendor/laravel/framework/src/Illuminate/Http/Middleware/ValidatePathEncoding.php(26): Illuminate/Pipeline/Pipeline->{closure:{closure:Illuminate/Pipeline/Pipeline::carry():194}:195}(Object(Illuminate/Http/Request))
#49 C:/xampp57/htdocs/CommandeCI/backend/vendor/laravel/framework/src/Illuminate/Pipeline/Pipeline.php(219): Illuminate/Http/Middleware/ValidatePathEncoding->handle(Object(Illuminate/Http/Request), Object(Closure))
#50 C:/xampp57/htdocs/CommandeCI/backend/vendor/laravel/framework/src/Illuminate/Pipeline/Pipeline.php(137): Illuminate/Pipeline/Pipeline->{closure:{closure:Illuminate/Pipeline/Pipeline::carry():194}:195}(Object(Illuminate/Http/Request))
#51 C:/xampp57/htdocs/CommandeCI/backend/vendor/laravel/framework/src/Illuminate/Foundation/Http/Kernel.php(175): Illuminate/Pipeline/Pipeline->then(Object(Closure))
#52 C:/xampp57/htdocs/CommandeCI/backend/vendor/laravel/framework/src/Illuminate/Foundation/Http/Kernel.php(144): Illuminate/Foundation/Http/Kernel->sendRequestThroughRouter(Object(Illuminate/Http/Request))
#53 C:/xampp57/htdocs/CommandeCI/backend/vendor/laravel/framework/src/Illuminate/Foundation/Application.php(1220): Illuminate/Foundation/Http/Kernel->handle(Object(Illuminate/Http/Request))
#54 C:/xampp57/htdocs/CommandeCI/backend/public/index.php(20): Illuminate/Foundation/Application->handleRequest(Object(Illuminate/Http/Request))
#55 C:/xampp57/htdocs/CommandeCI/backend/vendor/laravel/framework/src/Illuminate/Foundation/resources/server.php(23): require_once('C://xampp57//htdo...')
#56 {main}
"} 
[2026-08-16 15:59:28] local.ERROR: SQLSTATE[42S02]: Base table or view not found: 1146 Table 'commandeci.personal_access_tokens' doesn't exist (Connection: mysql, Host: 127.0.0.1, Port: 3306, Database: commandeci, SQL: insert into `personal_access_tokens` (`name`, `token`, `abilities`, `expires_at`, `tokenable_id`, `tokenable_type`, `updated_at`, `created_at`) values (commandeci-mobile, 9b609d2524fe0b5d90e3f24392c265643373d8d9d8364e6124d9c367fc38b1a6, ["*"], ?, 6, App\Models\User, 2026-08-16 15:59:28, 2026-08-16 15:59:28)) {"exception":"[object] (Illuminate\\Database\\QueryException(code: 42S02): SQLSTATE[42S02]: Base table or view not found: 1146 Table 'commandeci.personal_access_tokens' doesn't exist (Connection: mysql, Host: 127.0.0.1, Port: 3306, Database: commandeci, SQL: insert into `personal_access_tokens` (`name`, `token`, `abilities`, `expires_at`, `tokenable_id`, `tokenable_type`, `updated_at`, `created_at`) values (commandeci-mobile, 9b609d2524fe0b5d90e3f24392c265643373d8d9d8364e6124d9c367fc38b1a6, [\"*\"], ?, 6, App\\Models\\User, 2026-08-16 15:59:28, 2026-08-16 15:59:28)) at C:/xampp57/htdocs/CommandeCI/backend/vendor/laravel/framework/src/Illuminate/Database/Connection.php:838)
[stacktrace]
#0 C:/xampp57/htdocs/CommandeCI/backend/vendor/laravel/framework/src/Illuminate/Database/Connection.php(794): Illuminate/Database/Connection->runQueryCallback('insert into `pe...', Array, Object(Closure))
#1 C:/xampp57/htdocs/CommandeCI/backend/vendor/laravel/framework/src/Illuminate/Database/MySqlConnection.php(42): Illuminate/Database/Connection->run('insert into `pe...', Array, Object(Closure))
#2 C:/xampp57/htdocs/CommandeCI/backend/vendor/laravel/framework/src/Illuminate/Database/Query/Processors/MySqlProcessor.php(35): Illuminate/Database/MySqlConnection->insert('insert into `pe...', Array, 'id')
#3 C:/xampp57/htdocs/CommandeCI/backend/vendor/laravel/framework/src/Illuminate/Database/Query/Builder.php(4170): Illuminate/Database/Query/Processors/MySqlProcessor->processInsertGetId(Object(Illuminate/Database/Query/Builder), 'insert into `pe...', Array, 'id')
#4 C:/xampp57/htdocs/CommandeCI/backend/vendor/laravel/framework/src/Illuminate/Database/Eloquent/Builder.php(2237): Illuminate/Database/Query/Builder->insertGetId(Array, 'id')
#5 C:/xampp57/htdocs/CommandeCI/backend/vendor/laravel/framework/src/Illuminate/Database/Eloquent/Model.php(1436): Illuminate/Database/Eloquent/Builder->__call('insertGetId', Array)
#6 C:/xampp57/htdocs/CommandeCI/backend/vendor/laravel/framework/src/Illuminate/Database/Eloquent/Model.php(1401): Illuminate/Database/Eloquent/Model->insertAndSetId(Object(Illuminate/Database/Eloquent/Builder), Array)
#7 C:/xampp57/htdocs/CommandeCI/backend/vendor/laravel/framework/src/Illuminate/Database/Eloquent/Model.php(1240): Illuminate/Database/Eloquent/Model->performInsert(Object(Illuminate/Database/Eloquent/Builder))
#8 C:/xampp57/htdocs/CommandeCI/backend/vendor/laravel/framework/src/Illuminate/Database/Eloquent/Relations/HasOneOrMany.php(391): Illuminate/Database/Eloquent/Model->save()
#9 C:/xampp57/htdocs/CommandeCI/backend/vendor/laravel/framework/src/Illuminate/Support/helpers.php(393): Illuminate/Database/Eloquent/Relations/HasOneOrMany->{closure:Illuminate/Database/Eloquent/Relations/HasOneOrMany::create():388}(Object(Laravel/Sanctum/PersonalAccessToken))
#10 C:/xampp57/htdocs/CommandeCI/backend/vendor/laravel/framework/src/Illuminate/Database/Eloquent/Relations/HasOneOrMany.php(388): tap(Object(Laravel/Sanctum/PersonalAccessToken), Object(Closure))
#11 C:/xampp57/htdocs/CommandeCI/backend/vendor/laravel/sanctum/src/HasApiTokens.php(64): Illuminate/Database/Eloquent/Relations/HasOneOrMany->create(Array)
#12 C:/xampp57/htdocs/CommandeCI/backend/app/Http/Controllers/Api/AuthController.php(38): App/Models/User->createToken('commandeci-mobi...')
#13 C:/xampp57/htdocs/CommandeCI/backend/vendor/laravel/framework/src/Illuminate/Routing/ControllerDispatcher.php(46): App/Http/Controllers/Api/AuthController->register(Object(Illuminate/Http/Request))
#14 C:/xampp57/htdocs/CommandeCI/backend/vendor/laravel/framework/src/Illuminate/Routing/Route.php(265): Illuminate/Routing/ControllerDispatcher->dispatch(Object(Illuminate/Routing/Route), Object(App/Http/Controllers/Api/AuthController), 'register')
#15 C:/xampp57/htdocs/CommandeCI/backend/vendor/laravel/framework/src/Illuminate/Routing/Route.php(211): Illuminate/Routing/Route->runController()
#16 C:/xampp57/htdocs/CommandeCI/backend/vendor/laravel/framework/src/Illuminate/Routing/Router.php(822): Illuminate/Routing/Route->run()
#17 C:/xampp57/htdocs/CommandeCI/backend/vendor/laravel/framework/src/Illuminate/Pipeline/Pipeline.php(180): Illuminate/Routing/Router->{closure:Illuminate/Routing/Router::runRouteWithinStack():821}(Object(Illuminate/Http/Request))
#18 C:/xampp57/htdocs/CommandeCI/backend/vendor/laravel/framework/src/Illuminate/Routing/Middleware/SubstituteBindings.php(50): Illuminate/Pipeline/Pipeline->{closure:Illuminate/Pipeline/Pipeline::prepareDestination():178}(Object(Illuminate/Http/Request))
#19 C:/xampp57/htdocs/CommandeCI/backend/vendor/laravel/framework/src/Illuminate/Pipeline/Pipeline.php(219): Illuminate/Routing/Middleware/SubstituteBindings->handle(Object(Illuminate/Http/Request), Object(Closure))
#20 C:/xampp57/htdocs/CommandeCI/backend/vendor/laravel/framework/src/Illuminate/Routing/Middleware/ThrottleRequests.php(166): Illuminate/Pipeline/Pipeline->{closure:{closure:Illuminate/Pipeline/Pipeline::carry():194}:195}(Object(Illuminate/Http/Request))
#21 C:/xampp57/htdocs/CommandeCI/backend/vendor/laravel/framework/src/Illuminate/Routing/Middleware/ThrottleRequests.php(93): Illuminate/Routing/Middleware/ThrottleRequests->handleRequest(Object(Illuminate/Http/Request), Object(Closure), Array)
#22 C:/xampp57/htdocs/CommandeCI/backend/vendor/laravel/framework/src/Illuminate/Pipeline/Pipeline.php(219): Illuminate/Routing/Middleware/ThrottleRequests->handle(Object(Illuminate/Http/Request), Object(Closure), '5', '1')
#23 C:/xampp57/htdocs/CommandeCI/backend/vendor/laravel/framework/src/Illuminate/Pipeline/Pipeline.php(137): Illuminate/Pipeline/Pipeline->{closure:{closure:Illuminate/Pipeline/Pipeline::carry():194}:195}(Object(Illuminate/Http/Request))
#24 C:/xampp57/htdocs/CommandeCI/backend/vendor/laravel/framework/src/Illuminate/Routing/Router.php(821): Illuminate/Pipeline/Pipeline->then(Object(Closure))
#25 C:/xampp57/htdocs/CommandeCI/backend/vendor/laravel/framework/src/Illuminate/Routing/Router.php(800): Illuminate/Routing/Router->runRouteWithinStack(Object(Illuminate/Routing/Route), Object(Illuminate/Http/Request))
#26 C:/xampp57/htdocs/CommandeCI/backend/vendor/laravel/framework/src/Illuminate/Routing/Router.php(764): Illuminate/Routing/Router->runRoute(Object(Illuminate/Http/Request), Object(Illuminate/Routing/Route))
#27 C:/xampp57/htdocs/CommandeCI/backend/vendor/laravel/framework/src/Illuminate/Routing/Router.php(753): Illuminate/Routing/Router->dispatchToRoute(Object(Illuminate/Http/Request))
#28 C:/xampp57/htdocs/CommandeCI/backend/vendor/laravel/framework/src/Illuminate/Foundation/Http/Kernel.php(200): Illuminate/Routing/Router->dispatch(Object(Illuminate/Http/Request))
#29 C:/xampp57/htdocs/CommandeCI/backend/vendor/laravel/framework/src/Illuminate/Pipeline/Pipeline.php(180): Illuminate/Foundation/Http/Kernel->{closure:Illuminate/Foundation/Http/Kernel::dispatchToRouter():197}(Object(Illuminate/Http/Request))
#30 C:/xampp57/htdocs/CommandeCI/backend/vendor/laravel/framework/src/Illuminate/Foundation/Http/Middleware/TransformsRequest.php(21): Illuminate/Pipeline/Pipeline->{closure:Illuminate/Pipeline/Pipeline::prepareDestination():178}(Object(Illuminate/Http/Request))
#31 C:/xampp57/htdocs/CommandeCI/backend/vendor/laravel/framework/src/Illuminate/Foundation/Http/Middleware/ConvertEmptyStringsToNull.php(31): Illuminate/Foundation/Http/Middleware/TransformsRequest->handle(Object(Illuminate/Http/Request), Object(Closure))
#32 C:/xampp57/htdocs/CommandeCI/backend/vendor/laravel/framework/src/Illuminate/Pipeline/Pipeline.php(219): Illuminate/Foundation/Http/Middleware/ConvertEmptyStringsToNull->handle(Object(Illuminate/Http/Request), Object(Closure))
#33 C:/xampp57/htdocs/CommandeCI/backend/vendor/laravel/framework/src/Illuminate/Foundation/Http/Middleware/TransformsRequest.php(21): Illuminate/Pipeline/Pipeline->{closure:{closure:Illuminate/Pipeline/Pipeline::carry():194}:195}(Object(Illuminate/Http/Request))
#34 C:/xampp57/htdocs/CommandeCI/backend/vendor/laravel/framework/src/Illuminate/Foundation/Http/Middleware/TrimStrings.php(51): Illuminate/Foundation/Http/Middleware/TransformsRequest->handle(Object(Illuminate/Http/Request), Object(Closure))
#35 C:/xampp57/htdocs/CommandeCI/backend/vendor/laravel/framework/src/Illuminate/Pipeline/Pipeline.php(219): Illuminate/Foundation/Http/Middleware/TrimStrings->handle(Object(Illuminate/Http/Request), Object(Closure))
#36 C:/xampp57/htdocs/CommandeCI/backend/vendor/laravel/framework/src/Illuminate/Http/Middleware/ValidatePostSize.php(27): Illuminate/Pipeline/Pipeline->{closure:{closure:Illuminate/Pipeline/Pipeline::carry():194}:195}(Object(Illuminate/Http/Request))
#37 C:/xampp57/htdocs/CommandeCI/backend/vendor/laravel/framework/src/Illuminate/Pipeline/Pipeline.php(219): Illuminate/Http/Middleware/ValidatePostSize->handle(Object(Illuminate/Http/Request), Object(Closure))
#38 C:/xampp57/htdocs/CommandeCI/backend/vendor/laravel/framework/src/Illuminate/Foundation/Http/Middleware/PreventRequestsDuringMaintenance.php(109): Illuminate/Pipeline/Pipeline->{closure:{closure:Illuminate/Pipeline/Pipeline::carry():194}:195}(Object(Illuminate/Http/Request))
#39 C:/xampp57/htdocs/CommandeCI/backend/vendor/laravel/framework/src/Illuminate/Pipeline/Pipeline.php(219): Illuminate/Foundation/Http/Middleware/PreventRequestsDuringMaintenance->handle(Object(Illuminate/Http/Request), Object(Closure))
#40 C:/xampp57/htdocs/CommandeCI/backend/vendor/laravel/framework/src/Illuminate/Http/Middleware/HandleCors.php(74): Illuminate/Pipeline/Pipeline->{closure:{closure:Illuminate/Pipeline/Pipeline::carry():194}:195}(Object(Illuminate/Http/Request))
#41 C:/xampp57/htdocs/CommandeCI/backend/vendor/laravel/framework/src/Illuminate/Pipeline/Pipeline.php(219): Illuminate/Http/Middleware/HandleCors->handle(Object(Illuminate/Http/Request), Object(Closure))
#42 C:/xampp57/htdocs/CommandeCI/backend/vendor/laravel/framework/src/Illuminate/Http/Middleware/TrustProxies.php(58): Illuminate/Pipeline/Pipeline->{closure:{closure:Illuminate/Pipeline/Pipeline::carry():194}:195}(Object(Illuminate/Http/Request))
#43 C:/xampp57/htdocs/CommandeCI/backend/vendor/laravel/framework/src/Illuminate/Pipeline/Pipeline.php(219): Illuminate/Http/Middleware/TrustProxies->handle(Object(Illuminate/Http/Request), Object(Closure))
#44 C:/xampp57/htdocs/CommandeCI/backend/vendor/laravel/framework/src/Illuminate/Foundation/Http/Middleware/InvokeDeferredCallbacks.php(22): Illuminate/Pipeline/Pipeline->{closure:{closure:Illuminate/Pipeline/Pipeline::carry():194}:195}(Object(Illuminate/Http/Request))
#45 C:/xampp57/htdocs/CommandeCI/backend/vendor/laravel/framework/src/Illuminate/Pipeline/Pipeline.php(219): Illuminate/Foundation/Http/Middleware/InvokeDeferredCallbacks->handle(Object(Illuminate/Http/Request), Object(Closure))
#46 C:/xampp57/htdocs/CommandeCI/backend/vendor/laravel/framework/src/Illuminate/Http/Middleware/ValidatePathEncoding.php(26): Illuminate/Pipeline/Pipeline->{closure:{closure:Illuminate/Pipeline/Pipeline::carry():194}:195}(Object(Illuminate/Http/Request))
#47 C:/xampp57/htdocs/CommandeCI/backend/vendor/laravel/framework/src/Illuminate/Pipeline/Pipeline.php(219): Illuminate/Http/Middleware/ValidatePathEncoding->handle(Object(Illuminate/Http/Request), Object(Closure))
#48 C:/xampp57/htdocs/CommandeCI/backend/vendor/laravel/framework/src/Illuminate/Pipeline/Pipeline.php(137): Illuminate/Pipeline/Pipeline->{closure:{closure:Illuminate/Pipeline/Pipeline::carry():194}:195}(Object(Illuminate/Http/Request))
#49 C:/xampp57/htdocs/CommandeCI/backend/vendor/laravel/framework/src/Illuminate/Foundation/Http/Kernel.php(175): Illuminate/Pipeline/Pipeline->then(Object(Closure))
#50 C:/xampp57/htdocs/CommandeCI/backend/vendor/laravel/framework/src/Illuminate/Foundation/Http/Kernel.php(144): Illuminate/Foundation/Http/Kernel->sendRequestThroughRouter(Object(Illuminate/Http/Request))
#51 C:/xampp57/htdocs/CommandeCI/backend/vendor/laravel/framework/src/Illuminate/Foundation/Application.php(1220): Illuminate/Foundation/Http/Kernel->handle(Object(Illuminate/Http/Request))
#52 C:/xampp57/htdocs/CommandeCI/backend/public/index.php(20): Illuminate/Foundation/Application->handleRequest(Object(Illuminate/Http/Request))
#53 C:/xampp57/htdocs/CommandeCI/backend/vendor/laravel/framework/src/Illuminate/Foundation/resources/server.php(23): require_once('C://xampp57//htdo...')
#54 {main}

[previous exception] [object] (PDOException(code: 42S02): SQLSTATE[42S02]: Base table or view not found: 1146 Table 'commandeci.personal_access_tokens' doesn't exist at C:/xampp57/htdocs/CommandeCI/backend/vendor/laravel/framework/src/Illuminate/Database/MySqlConnection.php:47)
[stacktrace]
#0 C:/xampp57/htdocs/CommandeCI/backend/vendor/laravel/framework/src/Illuminate/Database/MySqlConnection.php(47): PDO->prepare('insert into `pe...')
#1 C:/xampp57/htdocs/CommandeCI/backend/vendor/laravel/framework/src/Illuminate/Database/Connection.php(827): Illuminate/Database/MySqlConnection->{closure:Illuminate/Database/MySqlConnection::insert():42}('insert into `pe...', Array)
#2 C:/xampp57/htdocs/CommandeCI/backend/vendor/laravel/framework/src/Illuminate/Database/Connection.php(794): Illuminate/Database/Connection->runQueryCallback('insert into `pe...', Array, Object(Closure))
#3 C:/xampp57/htdocs/CommandeCI/backend/vendor/laravel/framework/src/Illuminate/Database/MySqlConnection.php(42): Illuminate/Database/Connection->run('insert into `pe...', Array, Object(Closure))
#4 C:/xampp57/htdocs/CommandeCI/backend/vendor/laravel/framework/src/Illuminate/Database/Query/Processors/MySqlProcessor.php(35): Illuminate/Database/MySqlConnection->insert('insert into `pe...', Array, 'id')
#5 C:/xampp57/htdocs/CommandeCI/backend/vendor/laravel/framework/src/Illuminate/Database/Query/Builder.php(4170): Illuminate/Database/Query/Processors/MySqlProcessor->processInsertGetId(Object(Illuminate/Database/Query/Builder), 'insert into `pe...', Array, 'id')
#6 C:/xampp57/htdocs/CommandeCI/backend/vendor/laravel/framework/src/Illuminate/Database/Eloquent/Builder.php(2237): Illuminate/Database/Query/Builder->insertGetId(Array, 'id')
#7 C:/xampp57/htdocs/CommandeCI/backend/vendor/laravel/framework/src/Illuminate/Database/Eloquent/Model.php(1436): Illuminate/Database/Eloquent/Builder->__call('insertGetId', Array)
#8 C:/xampp57/htdocs/CommandeCI/backend/vendor/laravel/framework/src/Illuminate/Database/Eloquent/Model.php(1401): Illuminate/Database/Eloquent/Model->insertAndSetId(Object(Illuminate/Database/Eloquent/Builder), Array)
#9 C:/xampp57/htdocs/CommandeCI/backend/vendor/laravel/framework/src/Illuminate/Database/Eloquent/Model.php(1240): Illuminate/Database/Eloquent/Model->performInsert(Object(Illuminate/Database/Eloquent/Builder))
#10 C:/xampp57/htdocs/CommandeCI/backend/vendor/laravel/framework/src/Illuminate/Database/Eloquent/Relations/HasOneOrMany.php(391): Illuminate/Database/Eloquent/Model->save()
#11 C:/xampp57/htdocs/CommandeCI/backend/vendor/laravel/framework/src/Illuminate/Support/helpers.php(393): Illuminate/Database/Eloquent/Relations/HasOneOrMany->{closure:Illuminate/Database/Eloquent/Relations/HasOneOrMany::create():388}(Object(Laravel/Sanctum/PersonalAccessToken))
#12 C:/xampp57/htdocs/CommandeCI/backend/vendor/laravel/framework/src/Illuminate/Database/Eloquent/Relations/HasOneOrMany.php(388): tap(Object(Laravel/Sanctum/PersonalAccessToken), Object(Closure))
#13 C:/xampp57/htdocs/CommandeCI/backend/vendor/laravel/sanctum/src/HasApiTokens.php(64): Illuminate/Database/Eloquent/Relations/HasOneOrMany->create(Array)
#14 C:/xampp57/htdocs/CommandeCI/backend/app/Http/Controllers/Api/AuthController.php(38): App/Models/User->createToken('commandeci-mobi...')
#15 C:/xampp57/htdocs/CommandeCI/backend/vendor/laravel/framework/src/Illuminate/Routing/ControllerDispatcher.php(46): App/Http/Controllers/Api/AuthController->register(Object(Illuminate/Http/Request))
#16 C:/xampp57/htdocs/CommandeCI/backend/vendor/laravel/framework/src/Illuminate/Routing/Route.php(265): Illuminate/Routing/ControllerDispatcher->dispatch(Object(Illuminate/Routing/Route), Object(App/Http/Controllers/Api/AuthController), 'register')
#17 C:/xampp57/htdocs/CommandeCI/backend/vendor/laravel/framework/src/Illuminate/Routing/Route.php(211): Illuminate/Routing/Route->runController()
#18 C:/xampp57/htdocs/CommandeCI/backend/vendor/laravel/framework/src/Illuminate/Routing/Router.php(822): Illuminate/Routing/Route->run()
#19 C:/xampp57/htdocs/CommandeCI/backend/vendor/laravel/framework/src/Illuminate/Pipeline/Pipeline.php(180): Illuminate/Routing/Router->{closure:Illuminate/Routing/Router::runRouteWithinStack():821}(Object(Illuminate/Http/Request))
#20 C:/xampp57/htdocs/CommandeCI/backend/vendor/laravel/framework/src/Illuminate/Routing/Middleware/SubstituteBindings.php(50): Illuminate/Pipeline/Pipeline->{closure:Illuminate/Pipeline/Pipeline::prepareDestination():178}(Object(Illuminate/Http/Request))
#21 C:/xampp57/htdocs/CommandeCI/backend/vendor/laravel/framework/src/Illuminate/Pipeline/Pipeline.php(219): Illuminate/Routing/Middleware/SubstituteBindings->handle(Object(Illuminate/Http/Request), Object(Closure))
#22 C:/xampp57/htdocs/CommandeCI/backend/vendor/laravel/framework/src/Illuminate/Routing/Middleware/ThrottleRequests.php(166): Illuminate/Pipeline/Pipeline->{closure:{closure:Illuminate/Pipeline/Pipeline::carry():194}:195}(Object(Illuminate/Http/Request))
#23 C:/xampp57/htdocs/CommandeCI/backend/vendor/laravel/framework/src/Illuminate/Routing/Middleware/ThrottleRequests.php(93): Illuminate/Routing/Middleware/ThrottleRequests->handleRequest(Object(Illuminate/Http/Request), Object(Closure), Array)
#24 C:/xampp57/htdocs/CommandeCI/backend/vendor/laravel/framework/src/Illuminate/Pipeline/Pipeline.php(219): Illuminate/Routing/Middleware/ThrottleRequests->handle(Object(Illuminate/Http/Request), Object(Closure), '5', '1')
#25 C:/xampp57/htdocs/CommandeCI/backend/vendor/laravel/framework/src/Illuminate/Pipeline/Pipeline.php(137): Illuminate/Pipeline/Pipeline->{closure:{closure:Illuminate/Pipeline/Pipeline::carry():194}:195}(Object(Illuminate/Http/Request))
#26 C:/xampp57/htdocs/CommandeCI/backend/vendor/laravel/framework/src/Illuminate/Routing/Router.php(821): Illuminate/Pipeline/Pipeline->then(Object(Closure))
#27 C:/xampp57/htdocs/CommandeCI/backend/vendor/laravel/framework/src/Illuminate/Routing/Router.php(800): Illuminate/Routing/Router->runRouteWithinStack(Object(Illuminate/Routing/Route), Object(Illuminate/Http/Request))
#28 C:/xampp57/htdocs/CommandeCI/backend/vendor/laravel/framework/src/Illuminate/Routing/Router.php(764): Illuminate/Routing/Router->runRoute(Object(Illuminate/Http/Request), Object(Illuminate/Routing/Route))
#29 C:/xampp57/htdocs/CommandeCI/backend/vendor/laravel/framework/src/Illuminate/Routing/Router.php(753): Illuminate/Routing/Router->dispatchToRoute(Object(Illuminate/Http/Request))
#30 C:/xampp57/htdocs/CommandeCI/backend/vendor/laravel/framework/src/Illuminate/Foundation/Http/Kernel.php(200): Illuminate/Routing/Router->dispatch(Object(Illuminate/Http/Request))
#31 C:/xampp57/htdocs/CommandeCI/backend/vendor/laravel/framework/src/Illuminate/Pipeline/Pipeline.php(180): Illuminate/Foundation/Http/Kernel->{closure:Illuminate/Foundation/Http/Kernel::dispatchToRouter():197}(Object(Illuminate/Http/Request))
#32 C:/xampp57/htdocs/CommandeCI/backend/vendor/laravel/framework/src/Illuminate/Foundation/Http/Middleware/TransformsRequest.php(21): Illuminate/Pipeline/Pipeline->{closure:Illuminate/Pipeline/Pipeline::prepareDestination():178}(Object(Illuminate/Http/Request))
#33 C:/xampp57/htdocs/CommandeCI/backend/vendor/laravel/framework/src/Illuminate/Foundation/Http/Middleware/ConvertEmptyStringsToNull.php(31): Illuminate/Foundation/Http/Middleware/TransformsRequest->handle(Object(Illuminate/Http/Request), Object(Closure))
#34 C:/xampp57/htdocs/CommandeCI/backend/vendor/laravel/framework/src/Illuminate/Pipeline/Pipeline.php(219): Illuminate/Foundation/Http/Middleware/ConvertEmptyStringsToNull->handle(Object(Illuminate/Http/Request), Object(Closure))
#35 C:/xampp57/htdocs/CommandeCI/backend/vendor/laravel/framework/src/Illuminate/Foundation/Http/Middleware/TransformsRequest.php(21): Illuminate/Pipeline/Pipeline->{closure:{closure:Illuminate/Pipeline/Pipeline::carry():194}:195}(Object(Illuminate/Http/Request))
#36 C:/xampp57/htdocs/CommandeCI/backend/vendor/laravel/framework/src/Illuminate/Foundation/Http/Middleware/TrimStrings.php(51): Illuminate/Foundation/Http/Middleware/TransformsRequest->handle(Object(Illuminate/Http/Request), Object(Closure))
#37 C:/xampp57/htdocs/CommandeCI/backend/vendor/laravel/framework/src/Illuminate/Pipeline/Pipeline.php(219): Illuminate/Foundation/Http/Middleware/TrimStrings->handle(Object(Illuminate/Http/Request), Object(Closure))
#38 C:/xampp57/htdocs/CommandeCI/backend/vendor/laravel/framework/src/Illuminate/Http/Middleware/ValidatePostSize.php(27): Illuminate/Pipeline/Pipeline->{closure:{closure:Illuminate/Pipeline/Pipeline::carry():194}:195}(Object(Illuminate/Http/Request))
#39 C:/xampp57/htdocs/CommandeCI/backend/vendor/laravel/framework/src/Illuminate/Pipeline/Pipeline.php(219): Illuminate/Http/Middleware/ValidatePostSize->handle(Object(Illuminate/Http/Request), Object(Closure))
#40 C:/xampp57/htdocs/CommandeCI/backend/vendor/laravel/framework/src/Illuminate/Foundation/Http/Middleware/PreventRequestsDuringMaintenance.php(109): Illuminate/Pipeline/Pipeline->{closure:{closure:Illuminate/Pipeline/Pipeline::carry():194}:195}(Object(Illuminate/Http/Request))
#41 C:/xampp57/htdocs/CommandeCI/backend/vendor/laravel/framework/src/Illuminate/Pipeline/Pipeline.php(219): Illuminate/Foundation/Http/Middleware/PreventRequestsDuringMaintenance->handle(Object(Illuminate/Http/Request), Object(Closure))
#42 C:/xampp57/htdocs/CommandeCI/backend/vendor/laravel/framework/src/Illuminate/Http/Middleware/HandleCors.php(74): Illuminate/Pipeline/Pipeline->{closure:{closure:Illuminate/Pipeline/Pipeline::carry():194}:195}(Object(Illuminate/Http/Request))
#43 C:/xampp57/htdocs/CommandeCI/backend/vendor/laravel/framework/src/Illuminate/Pipeline/Pipeline.php(219): Illuminate/Http/Middleware/HandleCors->handle(Object(Illuminate/Http/Request), Object(Closure))
#44 C:/xampp57/htdocs/CommandeCI/backend/vendor/laravel/framework/src/Illuminate/Http/Middleware/TrustProxies.php(58): Illuminate/Pipeline/Pipeline->{closure:{closure:Illuminate/Pipeline/Pipeline::carry():194}:195}(Object(Illuminate/Http/Request))
#45 C:/xampp57/htdocs/CommandeCI/backend/vendor/laravel/framework/src/Illuminate/Pipeline/Pipeline.php(219): Illuminate/Http/Middleware/TrustProxies->handle(Object(Illuminate/Http/Request), Object(Closure))
#46 C:/xampp57/htdocs/CommandeCI/backend/vendor/laravel/framework/src/Illuminate/Foundation/Http/Middleware/InvokeDeferredCallbacks.php(22): Illuminate/Pipeline/Pipeline->{closure:{closure:Illuminate/Pipeline/Pipeline::carry():194}:195}(Object(Illuminate/Http/Request))
#47 C:/xampp57/htdocs/CommandeCI/backend/vendor/laravel/framework/src/Illuminate/Pipeline/Pipeline.php(219): Illuminate/Foundation/Http/Middleware/InvokeDeferredCallbacks->handle(Object(Illuminate/Http/Request), Object(Closure))
#48 C:/xampp57/htdocs/CommandeCI/backend/vendor/laravel/framework/src/Illuminate/Http/Middleware/ValidatePathEncoding.php(26): Illuminate/Pipeline/Pipeline->{closure:{closure:Illuminate/Pipeline/Pipeline::carry():194}:195}(Object(Illuminate/Http/Request))
#49 C:/xampp57/htdocs/CommandeCI/backend/vendor/laravel/framework/src/Illuminate/Pipeline/Pipeline.php(219): Illuminate/Http/Middleware/ValidatePathEncoding->handle(Object(Illuminate/Http/Request), Object(Closure))
#50 C:/xampp57/htdocs/CommandeCI/backend/vendor/laravel/framework/src/Illuminate/Pipeline/Pipeline.php(137): Illuminate/Pipeline/Pipeline->{closure:{closure:Illuminate/Pipeline/Pipeline::carry():194}:195}(Object(Illuminate/Http/Request))
#51 C:/xampp57/htdocs/CommandeCI/backend/vendor/laravel/framework/src/Illuminate/Foundation/Http/Kernel.php(175): Illuminate/Pipeline/Pipeline->then(Object(Closure))
#52 C:/xampp57/htdocs/CommandeCI/backend/vendor/laravel/framework/src/Illuminate/Foundation/Http/Kernel.php(144): Illuminate/Foundation/Http/Kernel->sendRequestThroughRouter(Object(Illuminate/Http/Request))
#53 C:/xampp57/htdocs/CommandeCI/backend/vendor/laravel/framework/src/Illuminate/Foundation/Application.php(1220): Illuminate/Foundation/Http/Kernel->handle(Object(Illuminate/Http/Request))
#54 C:/xampp57/htdocs/CommandeCI/backend/public/index.php(20): Illuminate/Foundation/Application->handleRequest(Object(Illuminate/Http/Request))
#55 C:/xampp57/htdocs/CommandeCI/backend/vendor/laravel/framework/src/Illuminate/Foundation/resources/server.php(23): require_once('C://xampp57//htdo...')
#56 {main}
"} 
[2026-09-19 17:36:52] local.ERROR: SQLSTATE[HY000] [2002] Aucune connexion n’a pu être établie car l’ordinateur cible l’a expressément refusée (Connection: mysql, Host: 127.0.0.1, Port: 3306, Database: commandeci, SQL: select * from `cache` where `key` in (commandeci_cache_5c785c036466adea360111aa28563bfd556b5fba)) {"exception":"[object] (Illuminate\\Database\\QueryException(code: 2002): SQLSTATE[HY000] [2002] Aucune connexion n’a pu être établie car l’ordinateur cible l’a expressément refusée (Connection: mysql, Host: 127.0.0.1, Port: 3306, Database: commandeci, SQL: select * from `cache` where `key` in (commandeci_cache_5c785c036466adea360111aa28563bfd556b5fba)) at C:/xampp57/htdocs/CommandeCI/backend/vendor/laravel/framework/src/Illuminate/Database/Connection.php:838)
[stacktrace]
#0 C:/xampp57/htdocs/CommandeCI/backend/vendor/laravel/framework/src/Illuminate/Database/Connection.php(794): Illuminate/Database/Connection->runQueryCallback('select * from `...', Array, Object(Closure))
#1 C:/xampp57/htdocs/CommandeCI/backend/vendor/laravel/framework/src/Illuminate/Database/Connection.php(411): Illuminate/Database/Connection->run('select * from `...', Array, Object(Closure))
#2 C:/xampp57/htdocs/CommandeCI/backend/vendor/laravel/framework/src/Illuminate/Database/Query/Builder.php(3505): Illuminate/Database/Connection->select('select * from `...', Array, true)
#3 C:/xampp57/htdocs/CommandeCI/backend/vendor/laravel/framework/src/Illuminate/Database/Query/Builder.php(3490): Illuminate/Database/Query/Builder->runSelect()
#4 C:/xampp57/htdocs/CommandeCI/backend/vendor/laravel/framework/src/Illuminate/Database/Query/Builder.php(4080): Illuminate/Database/Query/Builder->{closure:Illuminate/Database/Query/Builder::get():3489}()
#5 C:/xampp57/htdocs/CommandeCI/backend/vendor/laravel/framework/src/Illuminate/Database/Query/Builder.php(3489): Illuminate/Database/Query/Builder->onceWithColumns(Array, Object(Closure))
#6 C:/xampp57/htdocs/CommandeCI/backend/vendor/laravel/framework/src/Illuminate/Cache/DatabaseStore.php(140): Illuminate/Database/Query/Builder->get()
#7 C:/xampp57/htdocs/CommandeCI/backend/vendor/laravel/framework/src/Illuminate/Cache/DatabaseStore.php(115): Illuminate/Cache/DatabaseStore->many(Array)
#8 C:/xampp57/htdocs/CommandeCI/backend/vendor/laravel/framework/src/Illuminate/Cache/Repository.php(125): Illuminate/Cache/DatabaseStore->get('5c785c036466ade...')
#9 C:/xampp57/htdocs/CommandeCI/backend/vendor/laravel/framework/src/Illuminate/Cache/RateLimiter.php(206): Illuminate/Cache/Repository->get('5c785c036466ade...', 0)
#10 C:/xampp57/htdocs/CommandeCI/backend/vendor/laravel/framework/src/Illuminate/Cache/RateLimiter.php(300): Illuminate/Cache/RateLimiter->{closure:Illuminate/Cache/RateLimiter::attempts():206}()
#11 C:/xampp57/htdocs/CommandeCI/backend/vendor/laravel/framework/src/Illuminate/Cache/RateLimiter.php(206): Illuminate/Cache/RateLimiter->withoutSerializationOrCompression(Object(Closure))
#12 C:/xampp57/htdocs/CommandeCI/backend/vendor/laravel/framework/src/Illuminate/Cache/RateLimiter.php(129): Illuminate/Cache/RateLimiter->attempts('5c785c036466ade...')
#13 C:/xampp57/htdocs/CommandeCI/backend/vendor/laravel/framework/src/Illuminate/Routing/Middleware/ThrottleRequests.php(157): Illuminate/Cache/RateLimiter->tooManyAttempts('5c785c036466ade...', 10)
#14 C:/xampp57/htdocs/CommandeCI/backend/vendor/laravel/framework/src/Illuminate/Routing/Middleware/ThrottleRequests.php(93): Illuminate/Routing/Middleware/ThrottleRequests->handleRequest(Object(Illuminate/Http/Request), Object(Closure), Array)
#15 C:/xampp57/htdocs/CommandeCI/backend/vendor/laravel/framework/src/Illuminate/Pipeline/Pipeline.php(219): Illuminate/Routing/Middleware/ThrottleRequests->handle(Object(Illuminate/Http/Request), Object(Closure), '10', '1')
#16 C:/xampp57/htdocs/CommandeCI/backend/vendor/laravel/framework/src/Illuminate/Pipeline/Pipeline.php(137): Illuminate/Pipeline/Pipeline->{closure:{closure:Illuminate/Pipeline/Pipeline::carry():194}:195}(Object(Illuminate/Http/Request))
#17 C:/xampp57/htdocs/CommandeCI/backend/vendor/laravel/framework/src/Illuminate/Routing/Router.php(821): Illuminate/Pipeline/Pipeline->then(Object(Closure))
#18 C:/xampp57/htdocs/CommandeCI/backend/vendor/laravel/framework/src/Illuminate/Routing/Router.php(800): Illuminate/Routing/Router->runRouteWithinStack(Object(Illuminate/Routing/Route), Object(Illuminate/Http/Request))
#19 C:/xampp57/htdocs/CommandeCI/backend/vendor/laravel/framework/src/Illuminate/Routing/Router.php(764): Illuminate/Routing/Router->runRoute(Object(Illuminate/Http/Request), Object(Illuminate/Routing/Route))
#20 C:/xampp57/htdocs/CommandeCI/backend/vendor/laravel/framework/src/Illuminate/Routing/Router.php(753): Illuminate/Routing/Router->dispatchToRoute(Object(Illuminate/Http/Request))
#21 C:/xampp57/htdocs/CommandeCI/backend/vendor/laravel/framework/src/Illuminate/Foundation/Http/Kernel.php(200): Illuminate/Routing/Router->dispatch(Object(Illuminate/Http/Request))
#22 C:/xampp57/htdocs/CommandeCI/backend/vendor/laravel/framework/src/Illuminate/Pipeline/Pipeline.php(180): Illuminate/Foundation/Http/Kernel->{closure:Illuminate/Foundation/Http/Kernel::dispatchToRouter():197}(Object(Illuminate/Http/Request))
#23 C:/xampp57/htdocs/CommandeCI/backend/vendor/laravel/framework/src/Illuminate/Foundation/Http/Middleware/TransformsRequest.php(21): Illuminate/Pipeline/Pipeline->{closure:Illuminate/Pipeline/Pipeline::prepareDestination():178}(Object(Illuminate/Http/Request))
#24 C:/xampp57/htdocs/CommandeCI/backend/vendor/laravel/framework/src/Illuminate/Foundation/Http/Middleware/ConvertEmptyStringsToNull.php(31): Illuminate/Foundation/Http/Middleware/TransformsRequest->handle(Object(Illuminate/Http/Request), Object(Closure))
#25 C:/xampp57/htdocs/CommandeCI/backend/vendor/laravel/framework/src/Illuminate/Pipeline/Pipeline.php(219): Illuminate/Foundation/Http/Middleware/ConvertEmptyStringsToNull->handle(Object(Illuminate/Http/Request), Object(Closure))
#26 C:/xampp57/htdocs/CommandeCI/backend/vendor/laravel/framework/src/Illuminate/Foundation/Http/Middleware/TransformsRequest.php(21): Illuminate/Pipeline/Pipeline->{closure:{closure:Illuminate/Pipeline/Pipeline::carry():194}:195}(Object(Illuminate/Http/Request))
#27 C:/xampp57/htdocs/CommandeCI/backend/vendor/laravel/framework/src/Illuminate/Foundation/Http/Middleware/TrimStrings.php(51): Illuminate/Foundation/Http/Middleware/TransformsRequest->handle(Object(Illuminate/Http/Request), Object(Closure))
#28 C:/xampp57/htdocs/CommandeCI/backend/vendor/laravel/framework/src/Illuminate/Pipeline/Pipeline.php(219): Illuminate/Foundation/Http/Middleware/TrimStrings->handle(Object(Illuminate/Http/Request), Object(Closure))
#29 C:/xampp57/htdocs/CommandeCI/backend/vendor/laravel/framework/src/Illuminate/Http/Middleware/ValidatePostSize.php(27): Illuminate/Pipeline/Pipeline->{closure:{closure:Illuminate/Pipeline/Pipeline::carry():194}:195}(Object(Illuminate/Http/Request))
#30 C:/xampp57/htdocs/CommandeCI/backend/vendor/laravel/framework/src/Illuminate/Pipeline/Pipeline.php(219): Illuminate/Http/Middleware/ValidatePostSize->handle(Object(Illuminate/Http/Request), Object(Closure))
#31 C:/xampp57/htdocs/CommandeCI/backend/vendor/laravel/framework/src/Illuminate/Foundation/Http/Middleware/PreventRequestsDuringMaintenance.php(109): Illuminate/Pipeline/Pipeline->{closure:{closure:Illuminate/Pipeline/Pipeline::carry():194}:195}(Object(Illuminate/Http/Request))
#32 C:/xampp57/htdocs/CommandeCI/backend/vendor/laravel/framework/src/Illuminate/Pipeline/Pipeline.php(219): Illuminate/Foundation/Http/Middleware/PreventRequestsDuringMaintenance->handle(Object(Illuminate/Http/Request), Object(Closure))
#33 C:/xampp57/htdocs/CommandeCI/backend/vendor/laravel/framework/src/Illuminate/Http/Middleware/HandleCors.php(74): Illuminate/Pipeline/Pipeline->{closure:{closure:Illuminate/Pipeline/Pipeline::carry():194}:195}(Object(Illuminate/Http/Request))
#34 C:/xampp57/htdocs/CommandeCI/backend/vendor/laravel/framework/src/Illuminate/Pipeline/Pipeline.php(219): Illuminate/Http/Middleware/HandleCors->handle(Object(Illuminate/Http/Request), Object(Closure))
#35 C:/xampp57/htdocs/CommandeCI/backend/vendor/laravel/framework/src/Illuminate/Http/Middleware/TrustProxies.php(58): Illuminate/Pipeline/Pipeline->{closure:{closure:Illuminate/Pipeline/Pipeline::carry():194}:195}(Object(Illuminate/Http/Request))
#36 C:/xampp57/htdocs/CommandeCI/backend/vendor/laravel/framework/src/Illuminate/Pipeline/Pipeline.php(219): Illuminate/Http/Middleware/TrustProxies->handle(Object(Illuminate/Http/Request), Object(Closure))
#37 C:/xampp57/htdocs/CommandeCI/backend/vendor/laravel/framework/src/Illuminate/Foundation/Http/Middleware/InvokeDeferredCallbacks.php(22): Illuminate/Pipeline/Pipeline->{closure:{closure:Illuminate/Pipeline/Pipeline::carry():194}:195}(Object(Illuminate/Http/Request))
#38 C:/xampp57/htdocs/CommandeCI/backend/vendor/laravel/framework/src/Illuminate/Pipeline/Pipeline.php(219): Illuminate/Foundation/Http/Middleware/InvokeDeferredCallbacks->handle(Object(Illuminate/Http/Request), Object(Closure))
#39 C:/xampp57/htdocs/CommandeCI/backend/vendor/laravel/framework/src/Illuminate/Http/Middleware/ValidatePathEncoding.php(26): Illuminate/Pipeline/Pipeline->{closure:{closure:Illuminate/Pipeline/Pipeline::carry():194}:195}(Object(Illuminate/Http/Request))
#40 C:/xampp57/htdocs/CommandeCI/backend/vendor/laravel/framework/src/Illuminate/Pipeline/Pipeline.php(219): Illuminate/Http/Middleware/ValidatePathEncoding->handle(Object(Illuminate/Http/Request), Object(Closure))
#41 C:/xampp57/htdocs/CommandeCI/backend/vendor/laravel/framework/src/Illuminate/Pipeline/Pipeline.php(137): Illuminate/Pipeline/Pipeline->{closure:{closure:Illuminate/Pipeline/Pipeline::carry():194}:195}(Object(Illuminate/Http/Request))
#42 C:/xampp57/htdocs/CommandeCI/backend/vendor/laravel/framework/src/Illuminate/Foundation/Http/Kernel.php(175): Illuminate/Pipeline/Pipeline->then(Object(Closure))
#43 C:/xampp57/htdocs/CommandeCI/backend/vendor/laravel/framework/src/Illuminate/Foundation/Http/Kernel.php(144): Illuminate/Foundation/Http/Kernel->sendRequestThroughRouter(Object(Illuminate/Http/Request))
#44 C:/xampp57/htdocs/CommandeCI/backend/vendor/laravel/framework/src/Illuminate/Foundation/Application.php(1220): Illuminate/Foundation/Http/Kernel->handle(Object(Illuminate/Http/Request))
#45 C:/xampp57/htdocs/CommandeCI/backend/public/index.php(20): Illuminate/Foundation/Application->handleRequest(Object(Illuminate/Http/Request))
#46 C:/xampp57/htdocs/CommandeCI/backend/vendor/laravel/framework/src/Illuminate/Foundation/resources/server.php(23): require_once('C://xampp57//htdo...')
#47 {main}

[previous exception] [object] (PDOException(code: 2002): SQLSTATE[HY000] [2002] Aucune connexion n’a pu être établie car l’ordinateur cible l’a expressément refusée at C:/xampp57/htdocs/CommandeCI/backend/vendor/laravel/framework/src/Illuminate/Database/Connectors/Connector.php:67)
[stacktrace]
#0 C:/xampp57/htdocs/CommandeCI/backend/vendor/laravel/framework/src/Illuminate/Database/Connectors/Connector.php(67): PDO::connect('mysql:host=127....', 'root', Object(SensitiveParameterValue), Array)
#1 C:/xampp57/htdocs/CommandeCI/backend/vendor/laravel/framework/src/Illuminate/Database/Connectors/Connector.php(44): Illuminate/Database/Connectors/Connector->createPdoConnection('mysql:host=127....', 'root', Object(SensitiveParameterValue), Array)
#2 C:/xampp57/htdocs/CommandeCI/backend/vendor/laravel/framework/src/Illuminate/Database/Connectors/MySqlConnector.php(24): Illuminate/Database/Connectors/Connector->createConnection('mysql:host=127....', Array, Array)
#3 C:/xampp57/htdocs/CommandeCI/backend/vendor/laravel/framework/src/Illuminate/Database/Connectors/ConnectionFactory.php(186): Illuminate/Database/Connectors/MySqlConnector->connect(Array)
#4 [internal function]: Illuminate/Database/Connectors/ConnectionFactory->{closure:Illuminate/Database/Connectors/ConnectionFactory::createPdoResolverWithHosts():181}()
#5 C:/xampp57/htdocs/CommandeCI/backend/vendor/laravel/framework/src/Illuminate/Database/Connection.php(1257): call_user_func(Object(Closure))
#6 C:/xampp57/htdocs/CommandeCI/backend/vendor/laravel/framework/src/Illuminate/Database/Connection.php(1295): Illuminate/Database/Connection->getPdo()
#7 C:/xampp57/htdocs/CommandeCI/backend/vendor/laravel/framework/src/Illuminate/Database/Connection.php(525): Illuminate/Database/Connection->getReadPdo()
#8 C:/xampp57/htdocs/CommandeCI/backend/vendor/laravel/framework/src/Illuminate/Database/Connection.php(420): Illuminate/Database/Connection->getPdoForSelect(true)
#9 C:/xampp57/htdocs/CommandeCI/backend/vendor/laravel/framework/src/Illuminate/Database/Connection.php(827): Illuminate/Database/Connection->{closure:Illuminate/Database/Connection::select():411}('select * from `...', Array)
#10 C:/xampp57/htdocs/CommandeCI/backend/vendor/laravel/framework/src/Illuminate/Database/Connection.php(794): Illuminate/Database/Connection->runQueryCallback('select * from `...', Array, Object(Closure))
#11 C:/xampp57/htdocs/CommandeCI/backend/vendor/laravel/framework/src/Illuminate/Database/Connection.php(411): Illuminate/Database/Connection->run('select * from `...', Array, Object(Closure))
#12 C:/xampp57/htdocs/CommandeCI/backend/vendor/laravel/framework/src/Illuminate/Database/Query/Builder.php(3505): Illuminate/Database/Connection->select('select * from `...', Array, true)
#13 C:/xampp57/htdocs/CommandeCI/backend/vendor/laravel/framework/src/Illuminate/Database/Query/Builder.php(3490): Illuminate/Database/Query/Builder->runSelect()
#14 C:/xampp57/htdocs/CommandeCI/backend/vendor/laravel/framework/src/Illuminate/Database/Query/Builder.php(4080): Illuminate/Database/Query/Builder->{closure:Illuminate/Database/Query/Builder::get():3489}()
#15 C:/xampp57/htdocs/CommandeCI/backend/vendor/laravel/framework/src/Illuminate/Database/Query/Builder.php(3489): Illuminate/Database/Query/Builder->onceWithColumns(Array, Object(Closure))
#16 C:/xampp57/htdocs/CommandeCI/backend/vendor/laravel/framework/src/Illuminate/Cache/DatabaseStore.php(140): Illuminate/Database/Query/Builder->get()
#17 C:/xampp57/htdocs/CommandeCI/backend/vendor/laravel/framework/src/Illuminate/Cache/DatabaseStore.php(115): Illuminate/Cache/DatabaseStore->many(Array)
#18 C:/xampp57/htdocs/CommandeCI/backend/vendor/laravel/framework/src/Illuminate/Cache/Repository.php(125): Illuminate/Cache/DatabaseStore->get('5c785c036466ade...')
#19 C:/xampp57/htdocs/CommandeCI/backend/vendor/laravel/framework/src/Illuminate/Cache/RateLimiter.php(206): Illuminate/Cache/Repository->get('5c785c036466ade...', 0)
#20 C:/xampp57/htdocs/CommandeCI/backend/vendor/laravel/framework/src/Illuminate/Cache/RateLimiter.php(300): Illuminate/Cache/RateLimiter->{closure:Illuminate/Cache/RateLimiter::attempts():206}()
#21 C:/xampp57/htdocs/CommandeCI/backend/vendor/laravel/framework/src/Illuminate/Cache/RateLimiter.php(206): Illuminate/Cache/RateLimiter->withoutSerializationOrCompression(Object(Closure))
#22 C:/xampp57/htdocs/CommandeCI/backend/vendor/laravel/framework/src/Illuminate/Cache/RateLimiter.php(129): Illuminate/Cache/RateLimiter->attempts('5c785c036466ade...')
#23 C:/xampp57/htdocs/CommandeCI/backend/vendor/laravel/framework/src/Illuminate/Routing/Middleware/ThrottleRequests.php(157): Illuminate/Cache/RateLimiter->tooManyAttempts('5c785c036466ade...', 10)
#24 C:/xampp57/htdocs/CommandeCI/backend/vendor/laravel/framework/src/Illuminate/Routing/Middleware/ThrottleRequests.php(93): Illuminate/Routing/Middleware/ThrottleRequests->handleRequest(Object(Illuminate/Http/Request), Object(Closure), Array)
#25 C:/xampp57/htdocs/CommandeCI/backend/vendor/laravel/framework/src/Illuminate/Pipeline/Pipeline.php(219): Illuminate/Routing/Middleware/ThrottleRequests->handle(Object(Illuminate/Http/Request), Object(Closure), '10', '1')
#26 C:/xampp57/htdocs/CommandeCI/backend/vendor/laravel/framework/src/Illuminate/Pipeline/Pipeline.php(137): Illuminate/Pipeline/Pipeline->{closure:{closure:Illuminate/Pipeline/Pipeline::carry():194}:195}(Object(Illuminate/Http/Request))
#27 C:/xampp57/htdocs/CommandeCI/backend/vendor/laravel/framework/src/Illuminate/Routing/Router.php(821): Illuminate/Pipeline/Pipeline->then(Object(Closure))
#28 C:/xampp57/htdocs/CommandeCI/backend/vendor/laravel/framework/src/Illuminate/Routing/Router.php(800): Illuminate/Routing/Router->runRouteWithinStack(Object(Illuminate/Routing/Route), Object(Illuminate/Http/Request))
#29 C:/xampp57/htdocs/CommandeCI/backend/vendor/laravel/framework/src/Illuminate/Routing/Router.php(764): Illuminate/Routing/Router->runRoute(Object(Illuminate/Http/Request), Object(Illuminate/Routing/Route))
#30 C:/xampp57/htdocs/CommandeCI/backend/vendor/laravel/framework/src/Illuminate/Routing/Router.php(753): Illuminate/Routing/Router->dispatchToRoute(Object(Illuminate/Http/Request))
#31 C:/xampp57/htdocs/CommandeCI/backend/vendor/laravel/framework/src/Illuminate/Foundation/Http/Kernel.php(200): Illuminate/Routing/Router->dispatch(Object(Illuminate/Http/Request))
#32 C:/xampp57/htdocs/CommandeCI/backend/vendor/laravel/framework/src/Illuminate/Pipeline/Pipeline.php(180): Illuminate/Foundation/Http/Kernel->{closure:Illuminate/Foundation/Http/Kernel::dispatchToRouter():197}(Object(Illuminate/Http/Request))
#33 C:/xampp57/htdocs/CommandeCI/backend/vendor/laravel/framework/src/Illuminate/Foundation/Http/Middleware/TransformsRequest.php(21): Illuminate/Pipeline/Pipeline->{closure:Illuminate/Pipeline/Pipeline::prepareDestination():178}(Object(Illuminate/Http/Request))
#34 C:/xampp57/htdocs/CommandeCI/backend/vendor/laravel/framework/src/Illuminate/Foundation/Http/Middleware/ConvertEmptyStringsToNull.php(31): Illuminate/Foundation/Http/Middleware/TransformsRequest->handle(Object(Illuminate/Http/Request), Object(Closure))
#35 C:/xampp57/htdocs/CommandeCI/backend/vendor/laravel/framework/src/Illuminate/Pipeline/Pipeline.php(219): Illuminate/Foundation/Http/Middleware/ConvertEmptyStringsToNull->handle(Object(Illuminate/Http/Request), Object(Closure))
#36 C:/xampp57/htdocs/CommandeCI/backend/vendor/laravel/framework/src/Illuminate/Foundation/Http/Middleware/TransformsRequest.php(21): Illuminate/Pipeline/Pipeline->{closure:{closure:Illuminate/Pipeline/Pipeline::carry():194}:195}(Object(Illuminate/Http/Request))
#37 C:/xampp57/htdocs/CommandeCI/backend/vendor/laravel/framework/src/Illuminate/Foundation/Http/Middleware/TrimStrings.php(51): Illuminate/Foundation/Http/Middleware/TransformsRequest->handle(Object(Illuminate/Http/Request), Object(Closure))
#38 C:/xampp57/htdocs/CommandeCI/backend/vendor/laravel/framework/src/Illuminate/Pipeline/Pipeline.php(219): Illuminate/Foundation/Http/Middleware/TrimStrings->handle(Object(Illuminate/Http/Request), Object(Closure))
#39 C:/xampp57/htdocs/CommandeCI/backend/vendor/laravel/framework/src/Illuminate/Http/Middleware/ValidatePostSize.php(27): Illuminate/Pipeline/Pipeline->{closure:{closure:Illuminate/Pipeline/Pipeline::carry():194}:195}(Object(Illuminate/Http/Request))
#40 C:/xampp57/htdocs/CommandeCI/backend/vendor/laravel/framework/src/Illuminate/Pipeline/Pipeline.php(219): Illuminate/Http/Middleware/ValidatePostSize->handle(Object(Illuminate/Http/Request), Object(Closure))
#41 C:/xampp57/htdocs/CommandeCI/backend/vendor/laravel/framework/src/Illuminate/Foundation/Http/Middleware/PreventRequestsDuringMaintenance.php(109): Illuminate/Pipeline/Pipeline->{closure:{closure:Illuminate/Pipeline/Pipeline::carry():194}:195}(Object(Illuminate/Http/Request))
#42 C:/xampp57/htdocs/CommandeCI/backend/vendor/laravel/framework/src/Illuminate/Pipeline/Pipeline.php(219): Illuminate/Foundation/Http/Middleware/PreventRequestsDuringMaintenance->handle(Object(Illuminate/Http/Request), Object(Closure))
#43 C:/xampp57/htdocs/CommandeCI/backend/vendor/laravel/framework/src/Illuminate/Http/Middleware/HandleCors.php(74): Illuminate/Pipeline/Pipeline->{closure:{closure:Illuminate/Pipeline/Pipeline::carry():194}:195}(Object(Illuminate/Http/Request))
#44 C:/xampp57/htdocs/CommandeCI/backend/vendor/laravel/framework/src/Illuminate/Pipeline/Pipeline.php(219): Illuminate/Http/Middleware/HandleCors->handle(Object(Illuminate/Http/Request), Object(Closure))
#45 C:/xampp57/htdocs/CommandeCI/backend/vendor/laravel/framework/src/Illuminate/Http/Middleware/TrustProxies.php(58): Illuminate/Pipeline/Pipeline->{closure:{closure:Illuminate/Pipeline/Pipeline::carry():194}:195}(Object(Illuminate/Http/Request))
#46 C:/xampp57/htdocs/CommandeCI/backend/vendor/laravel/framework/src/Illuminate/Pipeline/Pipeline.php(219): Illuminate/Http/Middleware/TrustProxies->handle(Object(Illuminate/Http/Request), Object(Closure))
#47 C:/xampp57/htdocs/CommandeCI/backend/vendor/laravel/framework/src/Illuminate/Foundation/Http/Middleware/InvokeDeferredCallbacks.php(22): Illuminate/Pipeline/Pipeline->{closure:{closure:Illuminate/Pipeline/Pipeline::carry():194}:195}(Object(Illuminate/Http/Request))
#48 C:/xampp57/htdocs/CommandeCI/backend/vendor/laravel/framework/src/Illuminate/Pipeline/Pipeline.php(219): Illuminate/Foundation/Http/Middleware/InvokeDeferredCallbacks->handle(Object(Illuminate/Http/Request), Object(Closure))
#49 C:/xampp57/htdocs/CommandeCI/backend/vendor/laravel/framework/src/Illuminate/Http/Middleware/ValidatePathEncoding.php(26): Illuminate/Pipeline/Pipeline->{closure:{closure:Illuminate/Pipeline/Pipeline::carry():194}:195}(Object(Illuminate/Http/Request))
#50 C:/xampp57/htdocs/CommandeCI/backend/vendor/laravel/framework/src/Illuminate/Pipeline/Pipeline.php(219): Illuminate/Http/Middleware/ValidatePathEncoding->handle(Object(Illuminate/Http/Request), Object(Closure))
#51 C:/xampp57/htdocs/CommandeCI/backend/vendor/laravel/framework/src/Illuminate/Pipeline/Pipeline.php(137): Illuminate/Pipeline/Pipeline->{closure:{closure:Illuminate/Pipeline/Pipeline::carry():194}:195}(Object(Illuminate/Http/Request))
#52 C:/xampp57/htdocs/CommandeCI/backend/vendor/laravel/framework/src/Illuminate/Foundation/Http/Kernel.php(175): Illuminate/Pipeline/Pipeline->then(Object(Closure))
#53 C:/xampp57/htdocs/CommandeCI/backend/vendor/laravel/framework/src/Illuminate/Foundation/Http/Kernel.php(144): Illuminate/Foundation/Http/Kernel->sendRequestThroughRouter(Object(Illuminate/Http/Request))
#54 C:/xampp57/htdocs/CommandeCI/backend/vendor/laravel/framework/src/Illuminate/Foundation/Application.php(1220): Illuminate/Foundation/Http/Kernel->handle(Object(Illuminate/Http/Request))
#55 C:/xampp57/htdocs/CommandeCI/backend/public/index.php(20): Illuminate/Foundation/Application->handleRequest(Object(Illuminate/Http/Request))
#56 C:/xampp57/htdocs/CommandeCI/backend/vendor/laravel/framework/src/Illuminate/Foundation/resources/server.php(23): require_once('C://xampp57//htdo...')
#57 {main}
"} 
[2026-09-19 17:37:46] local.ERROR: SQLSTATE[HY000] [2002] Aucune connexion n’a pu être établie car l’ordinateur cible l’a expressément refusée (Connection: mysql, Host: 127.0.0.1, Port: 3306, Database: commandeci, SQL: select exists (select 1 from information_schema.tables where table_schema = schema() and table_name = 'migrations' and table_type in ('BASE TABLE', 'SYSTEM VERSIONED')) as `exists`) {"exception":"[object] (Illuminate\\Database\\QueryException(code: 2002): SQLSTATE[HY000] [2002] Aucune connexion n’a pu être établie car l’ordinateur cible l’a expressément refusée (Connection: mysql, Host: 127.0.0.1, Port: 3306, Database: commandeci, SQL: select exists (select 1 from information_schema.tables where table_schema = schema() and table_name = 'migrations' and table_type in ('BASE TABLE', 'SYSTEM VERSIONED')) as `exists`) at C:/xampp57/htdocs/CommandeCI/backend/vendor/laravel/framework/src/Illuminate/Database/Connection.php:838)
[stacktrace]
#0 C:/xampp57/htdocs/CommandeCI/backend/vendor/laravel/framework/src/Illuminate/Database/Connection.php(794): Illuminate/Database/Connection->runQueryCallback('select exists (...', Array, Object(Closure))
#1 C:/xampp57/htdocs/CommandeCI/backend/vendor/laravel/framework/src/Illuminate/Database/Connection.php(411): Illuminate/Database/Connection->run('select exists (...', Array, Object(Closure))
#2 C:/xampp57/htdocs/CommandeCI/backend/vendor/laravel/framework/src/Illuminate/Database/Connection.php(357): Illuminate/Database/Connection->select('select exists (...', Array, true)
#3 C:/xampp57/htdocs/CommandeCI/backend/vendor/laravel/framework/src/Illuminate/Database/Connection.php(374): Illuminate/Database/Connection->selectOne('select exists (...', Array, true)
#4 C:/xampp57/htdocs/CommandeCI/backend/vendor/laravel/framework/src/Illuminate/Database/Schema/Builder.php(176): Illuminate/Database/Connection->scalar('select exists (...')
#5 C:/xampp57/htdocs/CommandeCI/backend/vendor/laravel/framework/src/Illuminate/Database/Migrations/DatabaseMigrationRepository.php(185): Illuminate/Database/Schema/Builder->hasTable('migrations')
#6 C:/xampp57/htdocs/CommandeCI/backend/vendor/laravel/framework/src/Illuminate/Database/Migrations/Migrator.php(758): Illuminate/Database/Migrations/DatabaseMigrationRepository->repositoryExists()
#7 C:/xampp57/htdocs/CommandeCI/backend/vendor/laravel/framework/src/Illuminate/Database/Console/Migrations/MigrateCommand.php(164): Illuminate/Database/Migrations/Migrator->repositoryExists()
#8 C:/xampp57/htdocs/CommandeCI/backend/vendor/laravel/framework/src/Illuminate/Support/helpers.php(328): Illuminate/Database/Console/Migrations/MigrateCommand->{closure:Illuminate/Database/Console/Migrations/MigrateCommand::repositoryExists():164}(1)
#9 C:/xampp57/htdocs/CommandeCI/backend/vendor/laravel/framework/src/Illuminate/Database/Console/Migrations/MigrateCommand.php(164): retry(1, Object(Closure), 0, Object(Closure))
#10 C:/xampp57/htdocs/CommandeCI/backend/vendor/laravel/framework/src/Illuminate/Database/Console/Migrations/MigrateCommand.php(140): Illuminate/Database/Console/Migrations/MigrateCommand->repositoryExists()
#11 C:/xampp57/htdocs/CommandeCI/backend/vendor/laravel/framework/src/Illuminate/Database/Console/Migrations/MigrateCommand.php(110): Illuminate/Database/Console/Migrations/MigrateCommand->prepareDatabase()
#12 C:/xampp57/htdocs/CommandeCI/backend/vendor/laravel/framework/src/Illuminate/Database/Migrations/Migrator.php(671): Illuminate/Database/Console/Migrations/MigrateCommand->{closure:Illuminate/Database/Console/Migrations/MigrateCommand::runMigrations():109}()
#13 C:/xampp57/htdocs/CommandeCI/backend/vendor/laravel/framework/src/Illuminate/Database/Console/Migrations/MigrateCommand.php(109): Illuminate/Database/Migrations/Migrator->usingConnection(NULL, Object(Closure))
#14 C:/xampp57/htdocs/CommandeCI/backend/vendor/laravel/framework/src/Illuminate/Database/Console/Migrations/MigrateCommand.php(88): Illuminate/Database/Console/Migrations/MigrateCommand->runMigrations()
#15 C:/xampp57/htdocs/CommandeCI/backend/vendor/laravel/framework/src/Illuminate/Container/BoundMethod.php(36): Illuminate/Database/Console/Migrations/MigrateCommand->handle()
#16 C:/xampp57/htdocs/CommandeCI/backend/vendor/laravel/framework/src/Illuminate/Container/Util.php(43): Illuminate/Container/BoundMethod::{closure:Illuminate/Container/BoundMethod::call():35}()
#17 C:/xampp57/htdocs/CommandeCI/backend/vendor/laravel/framework/src/Illuminate/Container/BoundMethod.php(96): Illuminate/Container/Util::unwrapIfClosure(Object(Closure))
#18 C:/xampp57/htdocs/CommandeCI/backend/vendor/laravel/framework/src/Illuminate/Container/BoundMethod.php(35): Illuminate/Container/BoundMethod::callBoundMethod(Object(Illuminate/Foundation/Application), Array, Object(Closure))
#19 C:/xampp57/htdocs/CommandeCI/backend/vendor/laravel/framework/src/Illuminate/Container/Container.php(799): Illuminate/Container/BoundMethod::call(Object(Illuminate/Foundation/Application), Array, Array, NULL)
#20 C:/xampp57/htdocs/CommandeCI/backend/vendor/laravel/framework/src/Illuminate/Console/Command.php(211): Illuminate/Container/Container->call(Array)
#21 C:/xampp57/htdocs/CommandeCI/backend/vendor/symfony/console/Command/Command.php(341): Illuminate/Console/Command->execute(Object(Symfony/Component/Console/Input/ArgvInput), Object(Illuminate/Console/OutputStyle))
#22 C:/xampp57/htdocs/CommandeCI/backend/vendor/laravel/framework/src/Illuminate/Console/Command.php(180): Symfony/Component/Console/Command/Command->run(Object(Symfony/Component/Console/Input/ArgvInput), Object(Illuminate/Console/OutputStyle))
#23 C:/xampp57/htdocs/CommandeCI/backend/vendor/symfony/console/Application.php(1117): Illuminate/Console/Command->run(Object(Symfony/Component/Console/Input/ArgvInput), Object(Symfony/Component/Console/Output/ConsoleOutput))
#24 C:/xampp57/htdocs/CommandeCI/backend/vendor/symfony/console/Application.php(356): Symfony/Component/Console/Application->doRunCommand(Object(Illuminate/Database/Console/Migrations/MigrateCommand), Object(Symfony/Component/Console/Input/ArgvInput), Object(Symfony/Component/Console/Output/ConsoleOutput))
#25 C:/xampp57/htdocs/CommandeCI/backend/vendor/symfony/console/Application.php(195): Symfony/Component/Console/Application->doRun(Object(Symfony/Component/Console/Input/ArgvInput), Object(Symfony/Component/Console/Output/ConsoleOutput))
#26 C:/xampp57/htdocs/CommandeCI/backend/vendor/laravel/framework/src/Illuminate/Foundation/Console/Kernel.php(198): Symfony/Component/Console/Application->run(Object(Symfony/Component/Console/Input/ArgvInput), Object(Symfony/Component/Console/Output/ConsoleOutput))
#27 C:/xampp57/htdocs/CommandeCI/backend/artisan(18): Illuminate/Foundation/Console/Kernel->handle(Object(Symfony/Component/Console/Input/ArgvInput), Object(Symfony/Component/Console/Output/ConsoleOutput))
#28 C:/xampp57/htdocs/CommandeCI/backend/artisan(26): {closure:C:/xampp57/htdocs/CommandeCI/backend/artisan:12}()
#29 {main}

[previous exception] [object] (PDOException(code: 2002): SQLSTATE[HY000] [2002] Aucune connexion n’a pu être établie car l’ordinateur cible l’a expressément refusée at C:/xampp57/htdocs/CommandeCI/backend/vendor/laravel/framework/src/Illuminate/Database/Connectors/Connector.php:67)
[stacktrace]
#0 C:/xampp57/htdocs/CommandeCI/backend/vendor/laravel/framework/src/Illuminate/Database/Connectors/Connector.php(67): PDO::connect('mysql:host=127....', 'root', Object(SensitiveParameterValue), Array)
#1 C:/xampp57/htdocs/CommandeCI/backend/vendor/laravel/framework/src/Illuminate/Database/Connectors/Connector.php(44): Illuminate/Database/Connectors/Connector->createPdoConnection('mysql:host=127....', 'root', Object(SensitiveParameterValue), Array)
#2 C:/xampp57/htdocs/CommandeCI/backend/vendor/laravel/framework/src/Illuminate/Database/Connectors/MySqlConnector.php(24): Illuminate/Database/Connectors/Connector->createConnection('mysql:host=127....', Array, Array)
#3 C:/xampp57/htdocs/CommandeCI/backend/vendor/laravel/framework/src/Illuminate/Database/Connectors/ConnectionFactory.php(186): Illuminate/Database/Connectors/MySqlConnector->connect(Array)
#4 [internal function]: Illuminate/Database/Connectors/ConnectionFactory->{closure:Illuminate/Database/Connectors/ConnectionFactory::createPdoResolverWithHosts():181}()
#5 C:/xampp57/htdocs/CommandeCI/backend/vendor/laravel/framework/src/Illuminate/Database/Connection.php(1257): call_user_func(Object(Closure))
#6 C:/xampp57/htdocs/CommandeCI/backend/vendor/laravel/framework/src/Illuminate/Database/Connection.php(1295): Illuminate/Database/Connection->getPdo()
#7 C:/xampp57/htdocs/CommandeCI/backend/vendor/laravel/framework/src/Illuminate/Database/Connection.php(525): Illuminate/Database/Connection->getReadPdo()
#8 C:/xampp57/htdocs/CommandeCI/backend/vendor/laravel/framework/src/Illuminate/Database/Connection.php(420): Illuminate/Database/Connection->getPdoForSelect(true)
#9 C:/xampp57/htdocs/CommandeCI/backend/vendor/laravel/framework/src/Illuminate/Database/Connection.php(827): Illuminate/Database/Connection->{closure:Illuminate/Database/Connection::select():411}('select exists (...', Array)
#10 C:/xampp57/htdocs/CommandeCI/backend/vendor/laravel/framework/src/Illuminate/Database/Connection.php(794): Illuminate/Database/Connection->runQueryCallback('select exists (...', Array, Object(Closure))
#11 C:/xampp57/htdocs/CommandeCI/backend/vendor/laravel/framework/src/Illuminate/Database/Connection.php(411): Illuminate/Database/Connection->run('select exists (...', Array, Object(Closure))
#12 C:/xampp57/htdocs/CommandeCI/backend/vendor/laravel/framework/src/Illuminate/Database/Connection.php(357): Illuminate/Database/Connection->select('select exists (...', Array, true)
#13 C:/xampp57/htdocs/CommandeCI/backend/vendor/laravel/framework/src/Illuminate/Database/Connection.php(374): Illuminate/Database/Connection->selectOne('select exists (...', Array, true)
#14 C:/xampp57/htdocs/CommandeCI/backend/vendor/laravel/framework/src/Illuminate/Database/Schema/Builder.php(176): Illuminate/Database/Connection->scalar('select exists (...')
#15 C:/xampp57/htdocs/CommandeCI/backend/vendor/laravel/framework/src/Illuminate/Database/Migrations/DatabaseMigrationRepository.php(185): Illuminate/Database/Schema/Builder->hasTable('migrations')
#16 C:/xampp57/htdocs/CommandeCI/backend/vendor/laravel/framework/src/Illuminate/Database/Migrations/Migrator.php(758): Illuminate/Database/Migrations/DatabaseMigrationRepository->repositoryExists()
#17 C:/xampp57/htdocs/CommandeCI/backend/vendor/laravel/framework/src/Illuminate/Database/Console/Migrations/MigrateCommand.php(164): Illuminate/Database/Migrations/Migrator->repositoryExists()
#18 C:/xampp57/htdocs/CommandeCI/backend/vendor/laravel/framework/src/Illuminate/Support/helpers.php(328): Illuminate/Database/Console/Migrations/MigrateCommand->{closure:Illuminate/Database/Console/Migrations/MigrateCommand::repositoryExists():164}(1)
#19 C:/xampp57/htdocs/CommandeCI/backend/vendor/laravel/framework/src/Illuminate/Database/Console/Migrations/MigrateCommand.php(164): retry(1, Object(Closure), 0, Object(Closure))
#20 C:/xampp57/htdocs/CommandeCI/backend/vendor/laravel/framework/src/Illuminate/Database/Console/Migrations/MigrateCommand.php(140): Illuminate/Database/Console/Migrations/MigrateCommand->repositoryExists()
#21 C:/xampp57/htdocs/CommandeCI/backend/vendor/laravel/framework/src/Illuminate/Database/Console/Migrations/MigrateCommand.php(110): Illuminate/Database/Console/Migrations/MigrateCommand->prepareDatabase()
#22 C:/xampp57/htdocs/CommandeCI/backend/vendor/laravel/framework/src/Illuminate/Database/Migrations/Migrator.php(671): Illuminate/Database/Console/Migrations/MigrateCommand->{closure:Illuminate/Database/Console/Migrations/MigrateCommand::runMigrations():109}()
#23 C:/xampp57/htdocs/CommandeCI/backend/vendor/laravel/framework/src/Illuminate/Database/Console/Migrations/MigrateCommand.php(109): Illuminate/Database/Migrations/Migrator->usingConnection(NULL, Object(Closure))
#24 C:/xampp57/htdocs/CommandeCI/backend/vendor/laravel/framework/src/Illuminate/Database/Console/Migrations/MigrateCommand.php(88): Illuminate/Database/Console/Migrations/MigrateCommand->runMigrations()
#25 C:/xampp57/htdocs/CommandeCI/backend/vendor/laravel/framework/src/Illuminate/Container/BoundMethod.php(36): Illuminate/Database/Console/Migrations/MigrateCommand->handle()
#26 C:/xampp57/htdocs/CommandeCI/backend/vendor/laravel/framework/src/Illuminate/Container/Util.php(43): Illuminate/Container/BoundMethod::{closure:Illuminate/Container/BoundMethod::call():35}()
#27 C:/xampp57/htdocs/CommandeCI/backend/vendor/laravel/framework/src/Illuminate/Container/BoundMethod.php(96): Illuminate/Container/Util::unwrapIfClosure(Object(Closure))
#28 C:/xampp57/htdocs/CommandeCI/backend/vendor/laravel/framework/src/Illuminate/Container/BoundMethod.php(35): Illuminate/Container/BoundMethod::callBoundMethod(Object(Illuminate/Foundation/Application), Array, Object(Closure))
#29 C:/xampp57/htdocs/CommandeCI/backend/vendor/laravel/framework/src/Illuminate/Container/Container.php(799): Illuminate/Container/BoundMethod::call(Object(Illuminate/Foundation/Application), Array, Array, NULL)
#30 C:/xampp57/htdocs/CommandeCI/backend/vendor/laravel/framework/src/Illuminate/Console/Command.php(211): Illuminate/Container/Container->call(Array)
#31 C:/xampp57/htdocs/CommandeCI/backend/vendor/symfony/console/Command/Command.php(341): Illuminate/Console/Command->execute(Object(Symfony/Component/Console/Input/ArgvInput), Object(Illuminate/Console/OutputStyle))
#32 C:/xampp57/htdocs/CommandeCI/backend/vendor/laravel/framework/src/Illuminate/Console/Command.php(180): Symfony/Component/Console/Command/Command->run(Object(Symfony/Component/Console/Input/ArgvInput), Object(Illuminate/Console/OutputStyle))
#33 C:/xampp57/htdocs/CommandeCI/backend/vendor/symfony/console/Application.php(1117): Illuminate/Console/Command->run(Object(Symfony/Component/Console/Input/ArgvInput), Object(Symfony/Component/Console/Output/ConsoleOutput))
#34 C:/xampp57/htdocs/CommandeCI/backend/vendor/symfony/console/Application.php(356): Symfony/Component/Console/Application->doRunCommand(Object(Illuminate/Database/Console/Migrations/MigrateCommand), Object(Symfony/Component/Console/Input/ArgvInput), Object(Symfony/Component/Console/Output/ConsoleOutput))
#35 C:/xampp57/htdocs/CommandeCI/backend/vendor/symfony/console/Application.php(195): Symfony/Component/Console/Application->doRun(Object(Symfony/Component/Console/Input/ArgvInput), Object(Symfony/Component/Console/Output/ConsoleOutput))
#36 C:/xampp57/htdocs/CommandeCI/backend/vendor/laravel/framework/src/Illuminate/Foundation/Console/Kernel.php(198): Symfony/Component/Console/Application->run(Object(Symfony/Component/Console/Input/ArgvInput), Object(Symfony/Component/Console/Output/ConsoleOutput))
#37 C:/xampp57/htdocs/CommandeCI/backend/artisan(18): Illuminate/Foundation/Console/Kernel->handle(Object(Symfony/Component/Console/Input/ArgvInput), Object(Symfony/Component/Console/Output/ConsoleOutput))
#38 C:/xampp57/htdocs/CommandeCI/backend/artisan(26): {closure:C:/xampp57/htdocs/CommandeCI/backend/artisan:12}()
#39 {main}
"} 
